headX,headY,spineX,spineY,shoulder centerX,shoulder centerX,shoulder rightX,shoulder rightY,elbowRightX,elbowRightY,wristrightX,wristrightY,center angle
-0.05202477,0.411707,-0.06518361,-0.1269827,-0.06672083,0.2135332,0.1009385,0.1048575,0.1523251,-0.1118218,0.1896076,-0.3117836,26.4233966263946
-0.05007695,0.4114799,-0.06481112,-0.1271191,-0.06558503,0.2132085,0.103408,0.1064908,0.1540355,-0.1103685,0.1911205,-0.3102119,26.4154838348756
-0.04658706,0.4101029,-0.06148297,-0.1275747,-0.06096911,0.2122249,0.1084981,0.1072566,0.158322,-0.1098594,0.1924933,-0.3095096,26.3993070297849
-0.03794649,0.4085244,-0.05462016,-0.1278502,-0.05239039,0.2114176,0.1145258,0.1064364,0.1664944,-0.1094938,0.1965003,-0.3068282,26.737365626677
-0.03151669,0.4094868,-0.04744287,-0.1266792,-0.04543781,0.2110425,0.1255504,0.1060633,0.1761142,-0.1104457,0.2027314,-0.3036867,26.9401434290873
-0.02192915,0.4098103,-0.03901212,-0.1264315,-0.03848809,0.210595,0.1332053,0.105409,0.182804,-0.1114501,0.2093775,-0.3054647,26.5646013783192
-0.01355935,0.4091299,-0.03075945,-0.1266859,-0.02917359,0.2101848,0.1404069,0.1050137,0.189713,-0.1120473,0.2168258,-0.3074522,23.9052224432487
-0.006508083,0.4076084,-0.02370657,-0.1273466,-0.0216622,0.2101204,0.14758,0.1041347,0.1968011,-0.1126589,0.2242428,-0.3080299,23.9657427791365
0.0009552203,0.406097,-0.0175152,-0.1295336,-0.01459724,0.208198,0.1550921,0.1026459,0.2071994,-0.1128169,0.2305733,-0.3092173,23.9551173814836
0.007594288,0.4056641,-0.01147535,-0.1298978,-0.008842913,0.2072624,0.160848,0.102195,0.2122836,-0.1133936,0.2419567,-0.3099097,24.551142286237
0.01270301,0.4053735,-0.005107575,-0.1305232,-0.002983073,0.2068135,0.1647011,0.1016173,0.2144251,-0.1146375,0.2497815,-0.3134637,24.6374169489539
0.01622337,0.4048289,-0.0008657575,-0.1305067,0.003192391,0.2072262,0.1692415,0.1014548,0.2173001,-0.1154729,0.2586257,-0.3133299,25.3436449555007
0.01936077,0.4041643,0.002456211,-0.1300184,0.006341246,0.2072876,0.1734323,0.101256,0.2196358,-0.1163694,0.2595172,-0.3136106,25.0886996874683
0.02429013,0.4037279,0.005182604,-0.12931,0.009283887,0.2072942,0.1770855,0.1024775,0.227199,-0.1294481,0.2670368,-0.3006388,26.2959825403597
0.02577694,0.4027084,0.006999858,-0.1293902,0.01140706,0.2070319,0.1790654,0.1022071,0.2277292,-0.1395704,0.2697075,-0.3177715,25.6157283642544
0.02699024,0.402976,0.008101551,-0.129699,0.01283799,0.2067475,0.1802329,0.1022165,0.2299107,-0.146848,0.2712206,-0.3306921,25.2481470835201
0.02892626,0.4026282,0.008665347,-0.1301206,0.01338131,0.2063378,0.1810247,0.1015855,0.2314188,-0.1533006,0.2710148,-0.3420237,24.8000091728559
0.02857233,0.4026305,0.009173207,-0.1304774,0.01409195,0.2061768,0.1809022,0.1017577,0.2319004,-0.1578821,0.2692525,-0.3505698,23.6337360969702
0.0288312,0.4038311,0.009150892,-0.1307687,0.01318598,0.2063018,0.1802876,0.1015694,0.2320692,-0.1619272,0.2631319,-0.3585447,23.1177818577863
0.02834327,0.4038715,0.008746538,-0.1312745,0.01201693,0.2065543,0.1791104,0.1012006,0.2293318,-0.1612212,0.2529958,-0.3574973,22.1262481885949
0.02469455,0.4045786,0.007270035,-0.1313827,0.00987559,0.2070339,0.177182,0.1011966,0.2255625,-0.1602816,0.2496326,-0.355386,28.167652568299
0.02173132,0.4063253,0.004367933,-0.1316093,0.007286762,0.207856,0.1744797,0.1009513,0.2225924,-0.1592807,0.2433861,-0.3535263,27.7224911526376
0.01760069,0.4070665,0.001252715,-0.13223,0.00447135,0.2085215,0.1719275,0.1008694,0.2188448,-0.158365,0.2332272,-0.3518966,21.0330351998228
0.01407846,0.4076213,-0.002736769,-0.1326945,0.00122204,0.2086638,0.1678219,0.1007588,0.2163481,-0.1622492,0.2234038,-0.3585153,20.7280608801407
0.007909846,0.4081551,-0.00674617,-0.1329447,-0.002340755,0.2087816,0.163727,0.1012883,0.2141326,-0.1649792,0.2176974,-0.3635471,20.0113509836614
0.003727089,0.4082318,-0.01227964,-0.1334257,-0.006699791,0.2091755,0.1567393,0.1013128,0.2076904,-0.1680467,0.2052972,-0.3709788,19.1372814341419
0.0005671331,0.4087899,-0.01642678,-0.133618,-0.009908171,0.2095405,0.1530572,0.1011264,0.2013741,-0.1700453,0.2036825,-0.3748141,19.1499665526426
-0.005041971,0.4088893,-0.02093684,-0.1343372,-0.01640428,0.2090548,0.1471064,0.1015165,0.1955972,-0.1718148,0.1976507,-0.3778308,18.6868982016879
-0.009903305,0.4077487,-0.02446381,-0.134513,-0.02037521,0.2092253,0.142092,0.1009,0.1919387,-0.1739479,0.1907223,-0.3804561,18.5962956531138
-0.02207517,0.4072478,-0.02893265,-0.1346443,-0.02501515,0.20886,0.1393654,0.1019742,0.1807388,-0.1747791,0.1867177,-0.3831262,18.3920146274399
-0.02334146,0.4064798,-0.03240141,-0.1347947,-0.03058153,0.2085222,0.1340324,0.1029082,0.1744069,-0.1750216,0.1826297,-0.384519,17.3045821295064
-0.0261893,0.4070516,-0.0357388,-0.1346551,-0.03481491,0.2086044,0.1301804,0.1039152,0.169384,-0.1745319,0.1802325,-0.3854153,17.2073974669399
-0.03270198,0.4065098,-0.03846907,-0.1340738,-0.03807256,0.2088262,0.1270371,0.1052675,0.1572335,-0.1733729,0.1787708,-0.385657,17.1928576456551
-0.03792541,0.4070205,-0.04081351,-0.134163,-0.0413325,0.2087545,0.122063,0.1048915,0.1533429,-0.1711713,0.1761706,-0.3846467,17.0066535208859
-0.04062148,0.4062113,-0.04277939,-0.1335053,-0.04398786,0.2089734,0.120442,0.1062667,0.1504993,-0.1690825,0.1746691,-0.381714,17.6897393160338
-0.04203169,0.4062845,-0.04416623,-0.1328804,-0.04570018,0.2093143,0.1187523,0.1074889,0.1488766,-0.1676444,0.1717954,-0.3795178,17.3776699760664
-0.04345471,0.4059754,-0.04547442,-0.1326653,-0.04822502,0.2100831,0.1156691,0.1069164,0.1481025,-0.166846,0.1707609,-0.377987,17.3807637336476
-0.04509597,0.4051511,-0.04619311,-0.1325634,-0.0497367,0.2102684,0.1137149,0.1063714,0.1474937,-0.1666235,0.1696636,-0.3788271,16.644573323165
-0.04718658,0.4039763,-0.04673149,-0.1326614,-0.050818,0.2101257,0.1125436,0.1064993,0.1468259,-0.1659226,0.1698262,-0.3792463,16.6918581871268
-0.0471427,0.4037839,-0.04706682,-0.1325313,-0.05158742,0.2102501,0.112328,0.1065975,0.1466852,-0.165564,0.1703209,-0.3795271,16.7537733207356
-0.04791484,0.4033718,-0.04722618,-0.1324249,-0.05256095,0.2101393,0.1116468,0.1069802,0.1490023,-0.1652852,0.1715571,-0.3799977,17.4562949835229
-0.04848797,0.4033554,-0.04699172,-0.1322685,-0.05311757,0.2103314,0.111463,0.107609,0.1514645,-0.1647166,0.1729105,-0.380242,17.6897962021706
-0.048176,0.4049292,-0.04647937,-0.1317533,-0.05321886,0.2110728,0.1117528,0.1085688,0.1549518,-0.1648251,0.1783979,-0.3811001,17.9100504467372
-0.04929279,0.4044849,-0.04580107,-0.1308406,-0.05294802,0.2115764,0.1131639,0.1101002,0.1582638,-0.1639685,0.1788961,-0.3814353,17.8656221096647
-0.04888851,0.404638,-0.04483983,-0.1299527,-0.05139507,0.212071,0.1150014,0.1126783,0.1609755,-0.1633472,0.1811254,-0.3817711,17.9865258737302
-0.04781146,0.4060977,-0.04330263,-0.1292312,-0.04971118,0.2126645,0.1162449,0.1133452,0.1640404,-0.1636078,0.1831616,-0.382876,17.8895833118626
-0.04774766,0.4062091,-0.0420427,-0.128868,-0.04838922,0.2129181,0.117001,0.1140178,0.165315,-0.1639908,0.1845022,-0.3840511,17.9010558405221
-0.0466107,0.4062838,-0.04060896,-0.1281517,-0.04718317,0.2132322,0.1184691,0.1151581,0.1665527,-0.1640377,0.1850789,-0.3848259,17.7532117149529
-0.0461869,0.4062867,-0.03952979,-0.1274885,-0.04608104,0.2135138,0.1202416,0.1157203,0.1674505,-0.1641469,0.1850392,-0.3855672,17.636216510003
-0.04507279,0.4064745,-0.03875744,-0.1268868,-0.04490363,0.214043,0.1212266,0.1164041,0.1685388,-0.1634116,0.1850799,-0.3855919,17.6040068642001
-0.04450155,0.406288,-0.03808859,-0.1264392,-0.04442453,0.2141247,0.1220352,0.1172413,0.1694663,-0.1627148,0.1848554,-0.3853137,17.5205588844253
-0.0447112,0.4060255,-0.03761668,-0.1260074,-0.04374351,0.214031,0.1225136,0.1178388,0.1703648,-0.1616699,0.1849731,-0.3847693,17.4966407313257
-0.0450444,0.4072337,-0.03756841,-0.1257725,-0.04357129,0.2138121,0.122501,0.1172801,0.171674,-0.1605905,0.1845847,-0.383855,18.2570879187407
-0.04550814,0.4068352,-0.03785465,-0.1257049,-0.04377009,0.2136417,0.1221432,0.1163208,0.1716902,-0.1604822,0.1833038,-0.383866,18.3770023565667
-0.04631981,0.4070355,-0.03893102,-0.1258382,-0.0444562,0.213617,0.1203726,0.1154099,0.1714235,-0.1600215,0.1826309,-0.3830183,17.6460072327767
-0.04812085,0.4064363,-0.04248257,-0.1260955,-0.04725344,0.2133297,0.1181337,0.114826,0.1697558,-0.1596628,0.181686,-0.3841377,19.347030124782
-0.0498248,0.4071437,-0.04692007,-0.1265568,-0.04990122,0.2137883,0.1142838,0.1137691,0.1684013,-0.1596462,0.1906655,-0.3844793,20.3807065233267
-0.05504475,0.4072268,-0.0516903,-0.1269324,-0.05534367,0.2134873,0.1105862,0.1129308,0.166974,-0.1621933,0.1945193,-0.3870298,21.2520880865203
-0.06087374,0.4057297,-0.05631001,-0.1273593,-0.06002719,0.212504,0.1056003,0.1118919,0.1659622,-0.1622732,0.211896,-0.38078,22.2559617995412
-0.06416285,0.4055617,-0.06158828,-0.1271513,-0.06649245,0.2117552,0.1004737,0.1117582,0.1658228,-0.1605896,0.2248269,-0.3776793,23.8134333513839
-0.07657526,0.4067445,-0.07104318,-0.1271555,-0.07530493,0.2105673,0.09033564,0.1120253,0.1663897,-0.1585084,0.2346549,-0.3746089,25.5613389805175
-0.08000115,0.4060126,-0.07856142,-0.1263318,-0.08310451,0.2103572,0.08239846,0.1123068,0.1673964,-0.1551438,0.2439314,-0.3691295,27.3966022615075
-0.090316,0.4065335,-0.08699086,-0.1242597,-0.09229385,0.2100397,0.07586761,0.1120872,0.1687107,-0.1519639,0.2559234,-0.3625169,29.2230730964229
-0.09457661,0.4054522,-0.09107047,-0.1229262,-0.1013587,0.2091508,0.07095188,0.1112034,0.1698464,-0.1610248,0.2546971,-0.374177,29.4502003966486
-0.09952208,0.4073575,-0.0955708,-0.1214721,-0.1074868,0.2098394,0.066032,0.1100707,0.1701789,-0.1681932,0.2600117,-0.3786881,31.1089751676889
-0.1052368,0.4036856,-0.09910297,-0.1207823,-0.1124551,0.2088423,0.06143966,0.1084771,0.1775592,-0.1539934,0.2540436,-0.3703818,32.1024108938189
-0.1084536,0.4034417,-0.1024442,-0.1199035,-0.1173791,0.2089728,0.05775055,0.1070147,0.1865745,-0.1457603,0.2488533,-0.3655306,31.8907935692433
-0.1144298,0.4050569,-0.1201462,-0.1180326,-0.125355,0.2094037,0.05166183,0.1068271,0.192958,-0.1258491,0.3329625,-0.3045391,39.4315223159614
-0.1171305,0.4033511,-0.1240769,-0.1174129,-0.1295765,0.2088997,0.04738888,0.1072204,0.1940494,-0.1238515,0.3352703,-0.3025175,40.299746276996
-0.1196786,0.4032727,-0.1268317,-0.1171604,-0.132678,0.2085593,0.04501288,0.1070826,0.1941507,-0.1214238,0.3455695,-0.2920642,42.1104465859068
-0.1231596,0.4017704,-0.1290438,-0.1165305,-0.1347025,0.208522,0.04386865,0.1067234,0.1945966,-0.1178386,0.3621333,-0.2705461,44.2218330584033
-0.1246757,0.4015026,-0.1312258,-0.1159888,-0.1380917,0.2080211,0.04238382,0.1068702,0.2004893,-0.1113476,0.371071,-0.2621534,46.1407447602641
-0.1257657,0.4013207,-0.1327052,-0.116046,-0.1403902,0.2076918,0.04076954,0.1064841,0.2037294,-0.1061948,0.3810416,-0.2484927,48.0226668913014
-0.1274865,0.4014319,-0.1334844,-0.1161022,-0.1410913,0.2075844,0.03964761,0.1064522,0.2134541,-0.09276229,0.3950827,-0.229799,49.7333887737431
-0.1288136,0.4013649,-0.1340869,-0.1161683,-0.1417184,0.2076268,0.03899486,0.1066224,0.2212908,-0.0851543,0.4040685,-0.2228046,51.4103175937154
-0.1291888,0.4014574,-0.1346993,-0.1162611,-0.1425477,0.207738,0.03880135,0.1066494,0.2297941,-0.07491757,0.4167199,-0.2078745,52.5508517293765
-0.1297284,0.4019768,-0.1351549,-0.1163493,-0.1428273,0.2078246,0.03868691,0.1067937,0.2330704,-0.07058688,0.4252086,-0.1963792,53.6451734220413
-0.1296429,0.4020419,-0.1351622,-0.1165294,-0.1428702,0.2078585,0.03873175,0.1069302,0.2347481,-0.06682193,0.4301175,-0.1874084,54.5831291350633
-0.1296263,0.4020551,-0.1347448,-0.116696,-0.1428443,0.2078922,0.0388881,0.1071199,0.2364624,-0.06258052,0.4329267,-0.1815236,54.9968956376262
-0.1298035,0.402387,-0.1343875,-0.1164887,-0.1425174,0.2080185,0.03924273,0.1074499,0.2375805,-0.0607886,0.4356198,-0.17693,55.2866153102256
-0.1297684,0.4025354,-0.1337283,-0.1166471,-0.1422493,0.2080913,0.03959867,0.1078772,0.2378038,-0.0591946,0.4354501,-0.1760872,55.2558713756873
-0.1300343,0.4026729,-0.1329493,-0.116647,-0.1416751,0.2082564,0.04034347,0.1084582,0.2385398,-0.05900313,0.434958,-0.1778598,54.9381067812895
-0.1301872,0.4025234,-0.1317809,-0.1171104,-0.1410363,0.2083068,0.04060696,0.1094169,0.2387003,-0.05922415,0.430567,-0.1848896,54.0280577246855
-0.1301607,0.4026265,-0.1307449,-0.1172413,-0.1406567,0.2084774,0.04096539,0.1104804,0.237952,-0.0604126,0.4185377,-0.2016255,52.2031714141211
-0.1301371,0.4026611,-0.1293568,-0.1170864,-0.1397055,0.2089213,0.04169853,0.111745,0.2350445,-0.06616601,0.4047707,-0.221507,49.2475171978058
-0.1297566,0.4026007,-0.1282222,-0.1172219,-0.1391907,0.2089262,0.04235318,0.1122511,0.2303882,-0.07774309,0.3922824,-0.2418701,47.0325766868323
-0.1296331,0.4024733,-0.1265475,-0.1173778,-0.1376811,0.2090318,0.04335165,0.1126583,0.2178792,-0.09291472,0.3685616,-0.2672143,43.6232347334243
-0.1295211,0.4027576,-0.1252576,-0.1173436,-0.1354609,0.2097113,0.04396993,0.1131243,0.1994184,-0.1118369,0.3399559,-0.2928396,41.3588290479827
-0.1292096,0.4029924,-0.1237048,-0.1174885,-0.1325381,0.210545,0.04404985,0.1133857,0.1872852,-0.1144484,0.2979025,-0.3161323,37.1991763800131
-0.1282443,0.4036875,-0.1224247,-0.1178176,-0.1307771,0.2110538,0.04379962,0.1136665,0.1707005,-0.1247975,0.2665488,-0.3355285,33.6260728575504
-0.1281164,0.4036012,-0.1213607,-0.1184809,-0.1285745,0.2112337,0.04341917,0.1140942,0.1531822,-0.1357011,0.239119,-0.3507279,31.3303627243471
-0.1268961,0.4039629,-0.120493,-0.1191925,-0.127194,0.2113501,0.04318329,0.114363,0.1425129,-0.1380719,0.2108805,-0.3593758,29.3226159523958
-0.1245566,0.4052702,-0.119536,-0.1197738,-0.1255407,0.2116752,0.04294788,0.1143315,0.1299366,-0.1404276,0.1969711,-0.3622652,27.3513294910998
-0.1239299,0.4051729,-0.1185896,-0.1207559,-0.1241525,0.2115316,0.04283621,0.1142925,0.120798,-0.1416914,0.1802203,-0.3656076,25.8331887864217
-0.122443,0.4052245,-0.1175815,-0.1209769,-0.122255,0.2121113,0.04285111,0.1144041,0.112873,-0.1447572,0.165943,-0.3703692,24.7323506427653
-0.1198341,0.4056342,-0.1169303,-0.1210292,-0.1207442,0.2124137,0.04310873,0.1144284,0.1081664,-0.1477483,0.1575294,-0.3743714,23.4730983551775
-0.117758,0.4049494,-0.1160325,-0.1212186,-0.1192409,0.2122919,0.04340458,0.1146724,0.1064693,-0.1481181,0.1492788,-0.3760432,23.0155925442922
-0.1158904,0.404768,-0.1151787,-0.1211076,-0.1185739,0.2122184,0.04432977,0.1149922,0.1051353,-0.1491309,0.1412481,-0.3784237,22.5385985743204
-0.1139022,0.4046403,-0.1142978,-0.1213105,-0.1178241,0.2120532,0.04545714,0.1149292,0.1041886,-0.1503264,0.1385109,-0.3799677,22.1278568171481
-0.1129208,0.4047132,-0.1133462,-0.1212464,-0.1169781,0.2118784,0.04634308,0.1152298,0.1026207,-0.1497691,0.1346889,-0.3797558,21.7070991329027
-0.1115497,0.4054473,-0.1124157,-0.1209662,-0.1156866,0.2124133,0.04762982,0.1157251,0.1003885,-0.1503927,0.1303595,-0.3806868,21.3076472115164
-0.1100661,0.4048406,-0.1111261,-0.1210583,-0.1149272,0.2123635,0.04836496,0.1160391,0.09844785,-0.1494204,0.1272665,-0.3799341,20.6673542184249
-0.1088943,0.4051995,-0.110542,-0.1208714,-0.113942,0.2126274,0.04921387,0.1162557,0.0971299,-0.1491533,0.1207885,-0.3801528,20.1895276794579
-0.1063553,0.4062975,-0.1097181,-0.1208515,-0.1125093,0.212985,0.05012131,0.1164171,0.09609213,-0.1488221,0.1147652,-0.380152,19.7931072867284
-0.1061314,0.4063644,-0.109441,-0.1207991,-0.1120047,0.2130334,0.05064524,0.1169215,0.09444371,-0.1494338,0.1124258,-0.3808178,19.5591350991489
-0.1057153,0.4065702,-0.1089978,-0.1206804,-0.1112958,0.2131867,0.05107769,0.117181,0.09362575,-0.150061,0.1104499,-0.3815124,19.4413957770827
-0.1047713,0.4067804,-0.1087745,-0.120702,-0.1106662,0.2132305,0.05158275,0.1170943,0.09343974,-0.1500069,0.1098403,-0.3815128,19.4311555200739
-0.1044264,0.4066874,-0.1084511,-0.1207733,-0.1101875,0.2132235,0.05197567,0.1171854,0.09306762,-0.1507806,0.1100066,-0.3823188,19.4020344860289
-0.1029858,0.4067547,-0.1079243,-0.1208754,-0.1090517,0.2135202,0.05257931,0.1168364,0.09310977,-0.1506656,0.1116712,-0.3822846,19.4109534353943
-0.1023888,0.4072836,-0.1077865,-0.1208882,-0.1087633,0.213532,0.05286466,0.1169283,0.09305758,-0.1510843,0.1119272,-0.3827192,19.4185018706578
-0.1017927,0.4070526,-0.1075398,-0.1208826,-0.1084968,0.2134591,0.05323598,0.1169279,0.09312985,-0.1515305,0.1126696,-0.383211,19.4321054115666
-0.1016786,0.4071386,-0.1072988,-0.1208607,-0.1082838,0.2134344,0.05342715,0.1170002,0.09316051,-0.1517079,0.1139832,-0.3833836,19.4846195042401
-0.1011547,0.407121,-0.1069808,-0.1207879,-0.107906,0.213446,0.0538831,0.1172517,0.09332839,-0.1522509,0.1141739,-0.3839639,19.5115142256023
-0.101101,0.4071386,-0.1067909,-0.120724,-0.1076789,0.2133758,0.05425472,0.1173851,0.09335954,-0.152192,0.1143418,-0.3839365,19.532022465793
-0.1004309,0.4074594,-0.1065054,-0.1206983,-0.1073116,0.2134055,0.05445568,0.1174703,0.09343838,-0.1517173,0.1143309,-0.3835153,19.5179963537366
-0.1004976,0.4072031,-0.106286,-0.1207842,-0.1071178,0.2133591,0.05458559,0.1175912,0.0935929,-0.1518896,0.1148421,-0.383707,19.4876639956794
-0.1004402,0.4072127,-0.1059437,-0.1207294,-0.1068627,0.2133292,0.05484593,0.1175521,0.09350751,-0.1519419,0.11518,-0.3838002,19.4560700035224
-0.09975807,0.4071428,-0.1055371,-0.1208231,-0.1065554,0.2134052,0.0550491,0.1175392,0.09353583,-0.1520947,0.1150335,-0.3839933,19.4066845453283
-0.09970372,0.4066575,-0.1052281,-0.1209784,-0.1062433,0.2133294,0.05534687,0.117425,0.09347514,-0.1521966,0.1156281,-0.3841521,19.3699833718811
-0.09927598,0.4071839,-0.1047727,-0.1210735,-0.1058512,0.2133593,0.05545939,0.1174793,0.09342217,-0.1524515,0.1156398,-0.384446,19.3248385535944
-0.09920436,0.4072774,-0.1045202,-0.1211738,-0.1050259,0.2134288,0.05592414,0.1173504,0.09344207,-0.1524805,0.1156752,-0.3845212,19.3518191294397
-0.09919298,0.4071962,-0.1044185,-0.1212551,-0.1049203,0.2132153,0.05616089,0.1173214,0.09345774,-0.1525945,0.1159432,-0.3846661,19.3470154607253
-0.09870825,0.4076651,-0.1040144,-0.121188,-0.1043732,0.2133059,0.05685475,0.1174434,0.09345485,-0.1525966,0.1160452,-0.3847193,19.3127986784695
-0.09836448,0.4072114,-0.103614,-0.1212842,-0.1036839,0.2132198,0.0578681,0.1173163,0.09352718,-0.1527366,0.1159634,-0.3848985,19.2884262275678
-0.09810605,0.4068018,-0.1034401,-0.1213816,-0.1035225,0.213131,0.05799112,0.1174661,0.09366654,-0.1530486,0.1159684,-0.3852448,19.269524542151
-0.09766517,0.4069644,-0.1029918,-0.1214798,-0.1028648,0.2134214,0.05858503,0.1172535,0.09367015,-0.1530854,0.116149,-0.3853367,19.2222576620494
-0.09760417,0.4071151,-0.1027992,-0.1215495,-0.1023858,0.2135659,0.05870432,0.1173488,0.09406216,-0.1537911,0.1161968,-0.3860489,19.216027839039
-0.09736951,0.4075988,-0.102477,-0.1216983,-0.1022022,0.2135234,0.05895401,0.1174007,0.09435215,-0.1541219,0.1168301,-0.3863617,19.1748873083131
-0.09729742,0.4078553,-0.1022928,-0.121851,-0.1013582,0.2136378,0.0591989,0.1174817,0.09438442,-0.1541739,0.1169103,-0.38645,19.2180414692154
-0.09724245,0.4075115,-0.1021306,-0.1220201,-0.1008314,0.2135559,0.0593558,0.1174948,0.09434136,-0.1543183,0.1169866,-0.3866184,19.2231462543977
-0.09728865,0.4076083,-0.102084,-0.1220505,-0.1006961,0.2135389,0.05959723,0.1176106,0.09441887,-0.1545926,0.1171772,-0.3869244,19.2387021503001
-0.0970883,0.4075561,-0.1019527,-0.1221249,-0.1005215,0.2135722,0.05998686,0.1175261,0.09523585,-0.1554255,0.1172735,-0.3877945,19.2391299612294
-0.09731422,0.4063762,-0.1017293,-0.1222996,-0.1003653,0.2134651,0.06029434,0.1174264,0.09517793,-0.1556452,0.1173679,-0.3880443,19.2096279523615
-0.09725422,0.4063111,-0.1013512,-0.1224604,-0.1001076,0.2134232,0.06048993,0.1174702,0.0955034,-0.155695,0.117139,-0.3881379,19.1199710283255
-0.09687096,0.4064821,-0.1012913,-0.1225432,-0.09977735,0.2134226,0.06092798,0.1173442,0.0956506,-0.1557864,0.1171557,-0.3882833,19.1286041195079
-0.09665823,0.4061068,-0.1010874,-0.1226633,-0.0995418,0.2133544,0.06107458,0.1174112,0.09577356,-0.1561903,0.1178207,-0.3887717,19.1194205570342
-0.09640714,0.4059059,-0.1009879,-0.1227406,-0.09931859,0.213301,0.06145186,0.1175117,0.09577514,-0.1561966,0.117494,-0.3888066,19.0968224022109
-0.09562695,0.4060766,-0.1008562,-0.1228189,-0.09894753,0.2133348,0.06177058,0.1174706,0.09574731,-0.1562004,0.1175595,-0.3888518,19.1149879653174
-0.09555112,0.4070859,-0.1008161,-0.1228509,-0.0987516,0.2133155,0.06192004,0.1174627,0.09583156,-0.1561906,0.1178657,-0.3888237,19.0729050344049
-0.0951947,0.4068142,-0.100711,-0.1229265,-0.09854683,0.2133759,0.06193456,0.117454,0.09583303,-0.1561157,0.1168504,-0.3888082,19.0497614173675
-0.09519103,0.4068439,-0.1004398,-0.1229495,-0.09803656,0.2134106,0.06212271,0.1175851,0.09576464,-0.1561716,0.116198,-0.3889117,19.0594814144505
-0.09508705,0.4068244,-0.1004191,-0.1229887,-0.0979385,0.2133651,0.06209474,0.1176849,0.09570455,-0.1560768,0.115718,-0.3888512,19.0278161374709
-0.09511103,0.4066793,-0.1003341,-0.123005,-0.09753326,0.2132789,0.06226634,0.1178345,0.09563214,-0.1560517,0.1153331,-0.3888526,19.025977601631
-0.09491938,0.4071872,-0.1002405,-0.1230162,-0.09724102,0.21323,0.06232192,0.1179804,0.09540481,-0.155853,0.1150387,-0.3886988,18.9977175437742
-0.0949589,0.4072124,-0.1002271,-0.1230415,-0.09722617,0.213229,0.06240288,0.1180462,0.09529527,-0.1557274,0.1148858,-0.3886464,18.9940927373171
-0.09479931,0.4068385,-0.1002062,-0.1230327,-0.09718137,0.2132148,0.06260389,0.1179841,0.09527504,-0.1556015,0.1138086,-0.3885822,18.9914088079489
-0.09465965,0.4067027,-0.1001948,-0.1230277,-0.09711543,0.2132061,0.06263416,0.1180847,0.09511169,-0.1555316,0.1132237,-0.3885494,19.007107371153
-0.09472817,0.4063638,-0.1001656,-0.1230667,-0.09684505,0.2131227,0.06269509,0.1181139,0.0949503,-0.155443,0.1125996,-0.3885047,18.9942924262784
-0.09471618,0.4063497,-0.1000526,-0.1230338,-0.09661235,0.2131382,0.06276453,0.118207,0.09488437,-0.1553756,0.1120941,-0.3884743,18.9973721704944
-0.09438791,0.4071361,-0.1000508,-0.1230219,-0.09661951,0.2131356,0.0627431,0.1183192,0.09466074,-0.1552397,0.1116665,-0.3883624,18.9961602429292
-0.09433895,0.4072894,-0.1001061,-0.1229992,-0.09661649,0.2131236,0.06277196,0.1185555,0.09441876,-0.1550405,0.1112006,-0.3881819,18.9918060023735
-0.09434509,0.4073938,-0.100114,-0.1230059,-0.09657584,0.2131061,0.0626763,0.118807,0.09423513,-0.1549615,0.1108088,-0.3881297,18.944010027592
-0.09395535,0.4081767,-0.1001179,-0.1230136,-0.09664962,0.2130791,0.06263966,0.1188265,0.09409016,-0.1549029,0.1102665,-0.3881004,18.9377689687145
-0.09393505,0.4081867,-0.1001836,-0.1230176,-0.09670643,0.2129214,0.06255408,0.1189986,0.09398351,-0.1548382,0.1098797,-0.3880544,18.9295197206189
-0.09375682,0.4081392,-0.1002394,-0.1230364,-0.09673053,0.2126784,0.06248911,0.1190849,0.09372117,-0.1533173,0.1097189,-0.3865518,18.9354610008556
-0.09365139,0.4082395,-0.1002773,-0.1230516,-0.09677915,0.2124151,0.06239532,0.1191968,0.09362802,-0.1533532,0.1096616,-0.386601,18.9288146370273
-0.09309899,0.4080884,-0.1003465,-0.1230535,-0.09685415,0.2122669,0.06234266,0.1192247,0.09346198,-0.1529278,0.1092396,-0.3861947,18.9263287909066
-0.09268755,0.4078347,-0.1004109,-0.1230168,-0.09691747,0.2120742,0.0623979,0.1192931,0.09332664,-0.1530872,0.1088523,-0.386384,18.8880240911025
-0.09267472,0.4078618,-0.1004265,-0.1230074,-0.09685375,0.211974,0.06234188,0.1192939,0.09320225,-0.1522007,0.1087052,-0.3855108,18.8375858410113
-0.09228827,0.4076343,-0.1004777,-0.1230522,-0.09693881,0.2117783,0.06228413,0.1194305,0.09307916,-0.1523662,0.1085031,-0.3856919,18.8204185350234
-0.09200832,0.4076842,-0.1004952,-0.1230396,-0.09695955,0.2116302,0.06221039,0.1194736,0.09300489,-0.151897,0.1082095,-0.3852421,18.7918730838686
-0.09192859,0.4077239,-0.1005234,-0.1229979,-0.09706201,0.2114524,0.06215023,0.1195651,0.09292425,-0.1514258,0.10801,-0.3847874,18.7616852794292
-0.09159242,0.4075568,-0.1005588,-0.1229912,-0.09704026,0.2113975,0.06219267,0.1197563,0.09278338,-0.1510949,0.1078675,-0.3844673,18.7657027988834
-0.09152374,0.4077476,-0.1005805,-0.1229823,-0.09706477,0.2113644,0.06214407,0.1198271,0.0926351,-0.1505761,0.1076071,-0.3839648,18.7532866008605
-0.09161227,0.4080763,-0.1006167,-0.1229634,-0.09711406,0.2113315,0.06210702,0.1199231,0.092549,-0.1502973,0.1073595,-0.3837063,18.7441398043133
-0.09165499,0.4086285,-0.100707,-0.122868,-0.09712996,0.2112572,0.06214446,0.1200349,0.09241147,-0.1498907,0.1071229,-0.38331,18.7311940434776
-0.09168663,0.4085918,-0.1007685,-0.1228673,-0.09728651,0.2112169,0.06212571,0.120042,0.09229555,-0.1495876,0.1070118,-0.3830161,18.7263093023477
-0.0918008,0.4090963,-0.1008011,-0.1228289,-0.09730655,0.2112095,0.06212048,0.1200364,0.09230164,-0.1493975,0.1067817,-0.3828425,18.7176801659313
-0.09183695,0.4090644,-0.1007921,-0.1228365,-0.0973458,0.2111935,0.06209268,0.1200057,0.09209646,-0.1501419,0.1067017,-0.3835897,18.7109527264074
-0.09236081,0.4079719,-0.1007851,-0.1228693,-0.09744085,0.2111451,0.06203259,0.1199908,0.09182797,-0.1506304,0.1067951,-0.3840658,18.7022824151574
-0.09276292,0.4080888,-0.1008016,-0.1228547,-0.09752126,0.2111883,0.06197523,0.1199996,0.09174635,-0.1503025,0.1065921,-0.3837495,18.6690499291219
-0.09296431,0.4084143,-0.100814,-0.1228322,-0.09753709,0.2111971,0.06191074,0.1200228,0.09171427,-0.1501553,0.1065158,-0.3836124,18.6735545057104
-0.09314086,0.4084685,-0.1008561,-0.1228364,-0.09792948,0.2111669,0.06176868,0.1200619,0.09161,-0.1498607,0.1070608,-0.3833334,18.6502567687549
-0.09333663,0.4081072,-0.1009903,-0.1227563,-0.09813023,0.2112215,0.06180509,0.1199477,0.09160216,-0.1497974,0.1069067,-0.3832855,18.6486644985856
-0.09340512,0.4082939,-0.1009933,-0.1227552,-0.09824517,0.2112131,0.06169346,0.1200115,0.09148023,-0.1500883,0.1067174,-0.3835843,18.6283912482404
-0.09372003,0.4092546,-0.1010034,-0.1227584,-0.0984725,0.2112912,0.06157251,0.1200794,0.09145604,-0.1499066,0.1065085,-0.3834162,18.6071109222638
-0.09365734,0.4095025,-0.1010255,-0.1227312,-0.09856655,0.2114104,0.06155981,0.1200996,0.09145787,-0.1498886,0.1062969,-0.3834154,18.5745010845145
-0.09367996,0.4095388,-0.1010342,-0.1227386,-0.09861577,0.2114511,0.0614758,0.1200913,0.09146819,-0.1497283,0.1061102,-0.3832704,18.5847071790875
-0.09388188,0.4092791,-0.1010566,-0.1227594,-0.09868285,0.2115105,0.06142033,0.1200762,0.09148393,-0.1496548,0.106087,-0.3832064,18.6067114559237
-0.09397618,0.4095567,-0.1010335,-0.1227718,-0.09872342,0.2115544,0.06136904,0.1201226,0.09151509,-0.1493314,0.1064852,-0.3828704,18.6122733179225
-0.09409351,0.4097642,-0.1010676,-0.122811,-0.09885551,0.2116264,0.06126217,0.1201607,0.09150676,-0.1491346,0.1063455,-0.3826809,18.6124008158913
-0.09401225,0.4099288,-0.1010671,-0.1228316,-0.09879526,0.2118096,0.0612232,0.1201751,0.09151722,-0.1489221,0.1061757,-0.3824819,18.652711484101
-0.09409254,0.4095413,-0.1010987,-0.1228483,-0.09883416,0.2118632,0.06122496,0.12015,0.09140396,-0.1492778,0.1062761,-0.3828413,18.601925522766
-0.09424131,0.409681,-0.1010968,-0.122861,-0.09894334,0.2118953,0.06121099,0.1201516,0.09125365,-0.1500954,0.1063047,-0.3836447,18.6105013268169
-0.09421943,0.4088332,-0.1010354,-0.1228959,-0.09893557,0.2118941,0.06119994,0.1201591,0.09125967,-0.1498834,0.1060547,-0.3834518,18.5962042558385
-0.09413303,0.4086668,-0.1010238,-0.1229128,-0.09903469,0.2119431,0.06124105,0.1202522,0.09125467,-0.1496165,0.1056553,-0.3832116,18.5440695499882
-0.09432816,0.4091724,-0.1010414,-0.1229099,-0.09908295,0.211965,0.06126707,0.1202185,0.09131685,-0.1493758,0.1053056,-0.3830096,18.5458110164201
-0.09377387,0.4083211,-0.1010307,-0.1229089,-0.09910267,0.2119809,0.06135783,0.1202362,0.09139589,-0.1498342,0.1053689,-0.3834369,18.5472501938886
-0.09342776,0.408596,-0.1009393,-0.1228495,-0.09887671,0.2122358,0.06152287,0.1203073,0.0913877,-0.1499221,0.1053431,-0.3835306,18.5496338492219
-0.09319329,0.4090375,-0.1009557,-0.122853,-0.09885851,0.2123246,0.06150171,0.1203156,0.09137502,-0.1501966,0.1052316,-0.3838173,18.5703373006776
-0.09304977,0.4090159,-0.1009598,-0.1228449,-0.09878532,0.2124304,0.06171816,0.1202332,0.09140801,-0.1503281,0.1052331,-0.383955,18.5584653616344
-0.09301439,0.4090851,-0.1009438,-0.1228438,-0.09869514,0.212501,0.06187534,0.1203489,0.09130325,-0.1507644,0.1050911,-0.3843958,18.5623399041031
-0.09262033,0.4086468,-0.1008222,-0.122856,-0.09862531,0.2125107,0.06188601,0.120376,0.09136596,-0.150992,0.1049155,-0.3846495,18.54603600464
-0.09252408,0.4084548,-0.1006441,-0.122834,-0.09857517,0.2125705,0.06193479,0.1203812,0.09134592,-0.1516735,0.1050206,-0.3853185,18.5182481530849
-0.0925696,0.4084752,-0.1005077,-0.1228314,-0.09799264,0.2127761,0.06197135,0.1204315,0.09130004,-0.1517714,0.1050065,-0.3854265,18.5497924809954
-0.09217391,0.4081381,-0.1004105,-0.1228385,-0.09791232,0.2127817,0.06201435,0.1204467,0.09124476,-0.151898,0.1051468,-0.3855563,18.5602224807903
-0.09130786,0.4085376,-0.1001857,-0.1227388,-0.0971601,0.2130785,0.0622129,0.120497,0.091196,-0.1519242,0.1050632,-0.3856024,18.588940734443
-0.09102704,0.4082286,-0.09993529,-0.122787,-0.09683429,0.213163,0.06227251,0.120551,0.09117457,-0.1520319,0.1052411,-0.3857698,18.5777029746079
-0.09049852,0.4079779,-0.09991772,-0.1227884,-0.09681225,0.2131592,0.06236073,0.1207176,0.09118588,-0.1521453,0.1051618,-0.3859164,18.5988691366827
-0.08991872,0.4077833,-0.09944173,-0.1228658,-0.09652256,0.2131542,0.0625535,0.1207294,0.09115764,-0.1522292,0.1051051,-0.3858705,18.5358431152422
-0.08956454,0.40793,-0.09926274,-0.1229027,-0.09640364,0.2131778,0.06262505,0.1207386,0.0911554,-0.1523194,0.1052781,-0.3858762,18.5140078938449
-0.08948708,0.4079014,-0.09895483,-0.123,-0.09613666,0.2132237,0.06267773,0.1207353,0.09118518,-0.1524648,0.1053028,-0.3858864,18.5057183713321
-0.08925893,0.4080626,-0.09853683,-0.1230316,-0.09587309,0.213242,0.06279254,0.1207641,0.09131653,-0.1519111,0.1052512,-0.3852009,18.4525908908136
-0.08904276,0.4080656,-0.09833618,-0.1231359,-0.09560684,0.2132718,0.06288869,0.1207436,0.09127512,-0.152257,0.105351,-0.3854091,18.4388522149861
-0.08916782,0.4094383,-0.09819839,-0.1231604,-0.09544932,0.2133348,0.06300282,0.1207167,0.09128739,-0.1523955,0.105382,-0.3854322,18.4401164533234
-0.08866906,0.4093828,-0.09806813,-0.123241,-0.09547918,0.2132841,0.06305675,0.1206872,0.09143902,-0.1518864,0.105257,-0.3848119,18.4367663739535
-0.08880912,0.4093581,-0.0979849,-0.1232561,-0.09536654,0.213232,0.0631434,0.1207166,0.09148486,-0.1522247,0.1053161,-0.3850266,18.4286606968369
-0.08841073,0.4095477,-0.0979436,-0.1232922,-0.09522702,0.2132738,0.06333171,0.1206463,0.09146231,-0.1524664,0.1053729,-0.3851416,18.4107793850768
-0.08846711,0.4095879,-0.09799007,-0.1233154,-0.09524044,0.2132017,0.06345796,0.1207668,0.09150559,-0.1527136,0.1053753,-0.3852776,18.4411692579555
-0.08823106,0.4096625,-0.09787272,-0.1233196,-0.0951724,0.213303,0.06343247,0.1207928,0.09155965,-0.1529581,0.1054261,-0.3854041,18.4261300594241
-0.08812516,0.409786,-0.09781152,-0.1233817,-0.0951583,0.2132848,0.06345478,0.12086,0.09162632,-0.1527735,0.1054687,-0.3851016,18.4196283234296
-0.08796401,0.4096786,-0.0977548,-0.1234211,-0.09510379,0.2132507,0.0634664,0.1208409,0.09166052,-0.1523674,0.1054629,-0.3845744,18.4114063367156
-0.08812907,0.4095983,-0.09778252,-0.123491,-0.09505718,0.2132584,0.06344152,0.1207741,0.09177089,-0.1526815,0.10545,-0.3847757,18.4411452313335
-0.08798496,0.4094015,-0.09770491,-0.1235276,-0.09497973,0.2132629,0.06346552,0.1207206,0.0917661,-0.1534005,0.1055192,-0.385363,18.4608847094571
-0.08781304,0.4084821,-0.09770184,-0.1235916,-0.09493305,0.2131823,0.06342094,0.1206447,0.09184203,-0.1531419,0.1054846,-0.3849844,18.4838870252076
-0.08786052,0.4084609,-0.09769216,-0.1236469,-0.09520121,0.213164,0.06330162,0.1206859,0.09194167,-0.1528855,0.1055233,-0.3846136,18.4907604493479
-0.08794794,0.4083653,-0.09771366,-0.1236624,-0.09527469,0.2130418,0.0632544,0.1207009,0.09194355,-0.1530857,0.1055848,-0.384701,18.5102101832842
-0.08805536,0.4084443,-0.09764442,-0.1235906,-0.09529793,0.2130596,0.06320018,0.1207143,0.09208062,-0.1526104,0.1059117,-0.3841614,18.5096449496673
-0.08798493,0.4088131,-0.09755824,-0.123529,-0.09531445,0.2130619,0.06309947,0.1209166,0.09208822,-0.1523025,0.1058826,-0.3837319,18.5009942224959
-0.08799832,0.408875,-0.09728985,-0.1234925,-0.09547438,0.2130998,0.06299952,0.1209699,0.09220002,-0.1517147,0.1058062,-0.3830286,18.4323665809851
-0.08805253,0.4089192,-0.09692127,-0.1234138,-0.09550407,0.2131002,0.0628836,0.1209114,0.09223191,-0.1514583,0.1057777,-0.3826554,18.3934283098591
-0.08810528,0.4088795,-0.09664591,-0.1232682,-0.09540448,0.2131356,0.06284713,0.1209564,0.09244592,-0.1509941,0.1057548,-0.3820444,18.361533093617
-0.08799309,0.4091505,-0.09653205,-0.1232118,-0.0954512,0.2131474,0.06274745,0.1209335,0.09244517,-0.1509366,0.1057309,-0.3818669,18.3336569682771
-0.08833421,0.4092169,-0.09639242,-0.1231769,-0.09549677,0.2131716,0.06253306,0.1210603,0.09240376,-0.1513149,0.1061236,-0.3821087,18.3459309303951
-0.0883739,0.4089719,-0.09615744,-0.1230509,-0.09584449,0.2131222,0.0624983,0.1210549,0.09227612,-0.1519242,0.1062809,-0.3825811,18.2705795276796
-0.08842473,0.4085763,-0.09585194,-0.1228381,-0.09593516,0.2130791,0.0624941,0.1210187,0.0922823,-0.1516294,0.1062775,-0.3821632,18.1916338795857
-0.08843488,0.4085862,-0.0955338,-0.1226036,-0.09614407,0.2130995,0.06242162,0.121089,0.09223773,-0.1517792,0.1064975,-0.3821919,18.1384756350855
-0.08855604,0.4087538,-0.09519489,-0.122171,-0.09622315,0.2131459,0.06241813,0.1211618,0.09226487,-0.1520697,0.1066257,-0.3823558,18.0859669932289
-0.08839674,0.4085186,-0.09483746,-0.1216185,-0.09630907,0.2131471,0.06242356,0.1212003,0.09224553,-0.1518006,0.106679,-0.3819683,18.0478390550138
-0.08840719,0.4082721,-0.09471537,-0.1213198,-0.09641308,0.2131908,0.06242561,0.121199,0.09233511,-0.1514933,0.106618,-0.3815209,17.9886645706909
-0.08838318,0.4082429,-0.09443919,-0.1210093,-0.0964241,0.213196,0.06242618,0.1211943,0.09236022,-0.1512614,0.1067633,-0.3811941,18.0443700899651
-0.08831359,0.4081827,-0.09431012,-0.1206101,-0.09646772,0.2132188,0.06242626,0.1211941,0.09232201,-0.1511308,0.1068132,-0.3809404,18.023769539789
-0.08844804,0.4080542,-0.09425672,-0.1204407,-0.09668559,0.2132336,0.06242727,0.1211899,0.09222312,-0.151502,0.106856,-0.3811888,17.9884529509367
-0.08842006,0.4081301,-0.09414697,-0.1202474,-0.09672167,0.2132562,0.06241908,0.1212242,0.09236874,-0.1510829,0.106759,-0.3807494,17.9630435634682
-0.08824276,0.4082379,-0.09406101,-0.1201363,-0.09678146,0.2132442,0.06241344,0.1212246,0.09214931,-0.1516086,0.1068214,-0.3812769,17.8916027710563
-0.08839027,0.408639,-0.09384437,-0.119985,-0.09674454,0.2132801,0.06240816,0.1212409,0.0921299,-0.1517679,0.1069007,-0.3814484,17.8632073797101
-0.08812745,0.4086375,-0.09344046,-0.119693,-0.09665828,0.2132787,0.06240908,0.1212343,0.09201347,-0.1520135,0.1070382,-0.3816157,17.802229630131
-0.08743177,0.4095501,-0.09312437,-0.119486,-0.09671481,0.2133912,0.06237821,0.1212465,0.09214992,-0.1521785,0.1072429,-0.3816992,17.7135459642569
-0.08752525,0.409562,-0.09298996,-0.1193223,-0.09669708,0.2134432,0.06232604,0.1213209,0.09220549,-0.1521882,0.1072568,-0.3815884,17.6882873558933
-0.08763156,0.4093424,-0.09303001,-0.1191874,-0.09671903,0.213466,0.06223382,0.1213564,0.09212749,-0.1521338,0.1084351,-0.3813118,17.4133745685701
-0.08773712,0.4092682,-0.09316216,-0.1188549,-0.09697587,0.2134636,0.06215547,0.1214692,0.09219285,-0.1516707,0.108265,-0.3807057,17.4255327811779
-0.08774617,0.409262,-0.09341945,-0.118574,-0.0972012,0.2134145,0.0620583,0.1215616,0.09205858,-0.1507329,0.1082222,-0.3796394,17.4927603656483
-0.08777393,0.4089906,-0.09346718,-0.1184675,-0.09746514,0.2134475,0.06195944,0.121558,0.09183735,-0.1499395,0.1087615,-0.3786822,17.553176694704
-0.08779538,0.4089108,-0.09378996,-0.1182305,-0.09799241,0.213518,0.06188605,0.1214147,0.09180559,-0.1490379,0.1087178,-0.3776218,17.5673877852695
-0.08791149,0.4091737,-0.09420517,-0.1178368,-0.09904622,0.2135389,0.06178916,0.121552,0.09169427,-0.1487201,0.1086787,-0.3771397,17.5468528571175
-0.08823061,0.4092804,-0.09444296,-0.1175804,-0.09946838,0.2134449,0.06175331,0.1214506,0.09165771,-0.1483818,0.1081774,-0.3766927,17.5655877683919
-0.08838175,0.4097787,-0.09467379,-0.1173178,-0.09968789,0.2134123,0.06185606,0.1212217,0.09135185,-0.1484262,0.1084997,-0.3766696,17.5793034997398
-0.08879663,0.4098128,-0.09490657,-0.1172028,-0.09990556,0.2133609,0.06173151,0.1212507,0.09111954,-0.1485137,0.1086347,-0.3766393,17.7352293519177
-0.08891619,0.4100223,-0.09507913,-0.117113,-0.1002724,0.213315,0.06154719,0.121063,0.09098535,-0.1484559,0.1085122,-0.3764826,17.7064955749382
-0.08914026,0.4101515,-0.09540715,-0.1169372,-0.1005051,0.2132845,0.06154181,0.1209629,0.0908621,-0.1483981,0.1087997,-0.3763104,17.8201861438783
-0.08981244,0.4107558,-0.09601187,-0.1167241,-0.1010454,0.2131854,0.06151397,0.1208546,0.09012531,-0.1484102,0.1089886,-0.3762028,17.8424281049286
-0.09054616,0.4108982,-0.09646975,-0.1165057,-0.1012312,0.2131481,0.06141089,0.1207338,0.08972394,-0.1494131,0.1091629,-0.3770325,17.9531970207179
-0.09109034,0.4109116,-0.09709687,-0.1162878,-0.1019669,0.2131661,0.0611659,0.1205542,0.08961026,-0.1496744,0.1092473,-0.3771408,18.0704815857137
-0.0914446,0.410794,-0.09744602,-0.1160526,-0.1024152,0.2131925,0.06088838,0.1204334,0.08940011,-0.1498866,0.1080577,-0.3772894,18.2263512594107
-0.09206754,0.4107842,-0.09784728,-0.1157732,-0.1029754,0.2131685,0.06075199,0.1203659,0.0891746,-0.1504184,0.1078907,-0.377676,18.2962380788836
-0.09275957,0.4111114,-0.09815228,-0.1156034,-0.1034302,0.213298,0.06040842,0.1203459,0.08913784,-0.1503926,0.1080388,-0.3775086,18.3131569474869
-0.09329526,0.410125,-0.09841216,-0.1152858,-0.1035056,0.2133129,0.06016927,0.1203246,0.08905224,-0.1503474,0.1081996,-0.3773301,18.3702629772993
-0.09364075,0.4094073,-0.09866188,-0.1150452,-0.103676,0.2133673,0.06001286,0.1202986,0.08892263,-0.1507766,0.1078996,-0.3775997,18.4876289908558
-0.0938861,0.409776,-0.09899966,-0.1148112,-0.1038882,0.2134477,0.0597962,0.1203896,0.08884704,-0.1502361,0.1078233,-0.3769527,18.6092347506924
-0.09437287,0.4100483,-0.09949258,-0.1144402,-0.1040758,0.2134741,0.05960019,0.1204522,0.0887541,-0.1502039,0.1081771,-0.3768389,18.6607013601071
-0.09492049,0.4102807,-0.0999463,-0.1142318,-0.1043435,0.2135628,0.05932685,0.1203704,0.08869396,-0.1501997,0.1084998,-0.3767253,18.709926106841
-0.09530724,0.4101259,-0.1002001,-0.1140594,-0.1044585,0.213541,0.05871813,0.120707,0.08860125,-0.1501684,0.1084608,-0.3765509,18.7871213166475
-0.09557099,0.4102373,-0.1004026,-0.1138259,-0.1044728,0.2136032,0.058546,0.1207302,0.08855057,-0.1503749,0.1084349,-0.3766291,18.8128232094131
-0.0958318,0.4103088,-0.1007962,-0.1137677,-0.1048059,0.2135586,0.05831673,0.1206204,0.08840939,-0.1504019,0.1083258,-0.3765006,18.8686618752489
-0.09613641,0.4107654,-0.1010716,-0.1136534,-0.1052043,0.2135272,0.05811031,0.1206343,0.08811956,-0.150461,0.1079961,-0.3763449,18.6651603644871
-0.09618066,0.4106412,-0.1013035,-0.113606,-0.105469,0.2134889,0.0579052,0.1205055,0.08784772,-0.1507593,0.1080019,-0.3766262,18.6070429615679
-0.09633839,0.4104246,-0.1015179,-0.1135484,-0.1060445,0.2134103,0.0576872,0.1204727,0.08753996,-0.1509935,0.1078705,-0.3766313,18.4968257767759
-0.09649757,0.4103332,-0.1017292,-0.1134892,-0.1064597,0.2132423,0.05744343,0.1203624,0.0874118,-0.1502797,0.107617,-0.3757176,18.6502792482883
-0.09655894,0.4103399,-0.1018647,-0.1134279,-0.1066207,0.2132334,0.05708302,0.1201634,0.08748117,-0.1498298,0.1079399,-0.3753493,17.9648067074927
-0.09653644,0.4102509,-0.1021117,-0.1134403,-0.106818,0.2131286,0.0567708,0.1197095,0.0874936,-0.1505416,0.1074355,-0.3759491,17.7763498833367
-0.09697802,0.4094512,-0.1023426,-0.1134831,-0.1071957,0.2129747,0.05649082,0.1194533,0.08739806,-0.1508388,0.1077493,-0.3763579,18.0220048109459
-0.09697361,0.4094423,-0.1025445,-0.1134542,-0.1074903,0.212922,0.05627986,0.1191956,0.08738023,-0.1510621,0.1072972,-0.3765548,18.4786770819957
-0.09739879,0.4095034,-0.102962,-0.1134293,-0.1084553,0.2127543,0.05605114,0.1189738,0.08726092,-0.1516354,0.1067784,-0.3770674,18.3093619846481
-0.09763856,0.4095987,-0.1033505,-0.1134057,-0.109045,0.212715,0.05545645,0.1191776,0.08713623,-0.1514284,0.1064775,-0.3768109,18.2219428269452
-0.09749036,0.4098212,-0.103535,-0.1133273,-0.1093802,0.2127948,0.055154,0.1191299,0.08702122,-0.1513385,0.1061562,-0.3767161,18.1343099286344
-0.09782646,0.409167,-0.1038137,-0.1133484,-0.1099956,0.2125905,0.0548384,0.1189607,0.08738285,-0.1517309,0.1057187,-0.3767622,18.0835562556616
-0.09786671,0.4083105,-0.1039858,-0.1132925,-0.1102737,0.212548,0.05471671,0.1189239,0.08752333,-0.1522344,0.1054762,-0.376915,18.0559456208289
-0.09793932,0.4080065,-0.1041083,-0.1132959,-0.1107418,0.2124302,0.05435004,0.1190595,0.0876425,-0.152232,0.1052039,-0.3768635,18.0001727862398
-0.09831668,0.4076523,-0.1045659,-0.1133969,-0.1112207,0.2123743,0.05386211,0.118797,0.08721451,-0.1514463,0.1051186,-0.3762026,17.9020363129085
-0.09834623,0.4077854,-0.1047905,-0.1133267,-0.1115442,0.212338,0.05370506,0.1187331,0.08620989,-0.1516575,0.1049761,-0.37656,17.9776775187681
-0.0987916,0.4075886,-0.1051586,-0.113303,-0.1118809,0.2122859,0.05329304,0.1187635,0.08594322,-0.151502,0.1048643,-0.3765136,17.9990540534498
-0.09947991,0.407538,-0.1055418,-0.1132883,-0.1122663,0.2122847,0.05313093,0.1187526,0.08486783,-0.1522394,0.1051221,-0.3773269,17.9001950813049
-0.09956118,0.4080846,-0.1056678,-0.1131956,-0.112422,0.2123421,0.0530669,0.1186988,0.08331344,-0.1524293,0.1054259,-0.3774514,17.3905394886244
-0.09954701,0.4081381,-0.1059881,-0.1130933,-0.112969,0.2124332,0.05275273,0.1185563,0.08238873,-0.1528839,0.1056253,-0.3779073,18.2932281151781
-0.09997693,0.4082732,-0.1063195,-0.1129548,-0.1131727,0.2124659,0.05256417,0.1185254,0.08217938,-0.1527749,0.1050654,-0.3777792,18.0039635411171
-0.09995322,0.4082796,-0.1064316,-0.112964,-0.1132732,0.2124667,0.05219218,0.1183437,0.08136465,-0.1528285,0.1049425,-0.3777325,17.071659684755
-0.1001247,0.4083365,-0.1068486,-0.1130218,-0.1138386,0.2124838,0.05145047,0.1182214,0.0807877,-0.1526262,0.1047733,-0.3775311,18.0695391846914
-0.1011292,0.4087301,-0.1071979,-0.1130361,-0.1144479,0.2125011,0.05057389,0.1181538,0.08077428,-0.152634,0.1047337,-0.3775286,17.8960732666538
-0.1013258,0.4085355,-0.1073296,-0.1129826,-0.1145432,0.2125458,0.05002858,0.1180131,0.08074138,-0.1526087,0.1046318,-0.3775688,17.8007050711212
-0.1014296,0.4085323,-0.1075512,-0.112968,-0.1146911,0.212524,0.0498063,0.1179948,0.08062205,-0.1527009,0.105207,-0.3777923,17.7460831202802
-0.1018768,0.4083839,-0.1078488,-0.1128847,-0.1152386,0.2125518,0.04955651,0.1180405,0.07997149,-0.1528398,0.1044572,-0.3778576,17.7482842345639
-0.1021275,0.4085829,-0.1079776,-0.1128291,-0.1154032,0.2126508,0.04940696,0.1181977,0.0798808,-0.1530121,0.1044888,-0.3780134,17.7557548817874
-0.1025444,0.4087096,-0.108222,-0.1127331,-0.1156972,0.2125559,0.04926,0.1182959,0.07982917,-0.153,0.1044751,-0.3779919,17.714937743655
-0.1028686,0.4084159,-0.1082769,-0.1126627,-0.1157245,0.2125677,0.04909391,0.1183852,0.07974236,-0.152848,0.1042865,-0.3778097,17.6741271023631
-0.1029482,0.4083217,-0.1083911,-0.1126359,-0.1158685,0.2125532,0.048784,0.1184242,0.07959949,-0.1529463,0.103165,-0.3778736,17.7185899288544
-0.1043194,0.4069276,-0.1085815,-0.1125683,-0.1165108,0.2123768,0.04857767,0.1185676,0.0794912,-0.1527744,0.104076,-0.3777561,18.1000557790476
-0.1046372,0.4070331,-0.1086105,-0.1125183,-0.1165238,0.2124756,0.04828082,0.1186519,0.07949801,-0.1527882,0.1038746,-0.3777595,18.0365906770737
-0.1047346,0.406956,-0.1087395,-0.1124772,-0.116666,0.2124088,0.04808439,0.1185843,0.07940079,-0.1527668,0.1039244,-0.3777147,18.3941688175929
-0.1050006,0.4074114,-0.1089376,-0.1124595,-0.1169443,0.2123203,0.04781441,0.1185472,0.07939593,-0.1527689,0.1039793,-0.377696,17.9481372552779
-0.1049514,0.4076576,-0.1089907,-0.1124267,-0.116901,0.212323,0.04774836,0.1186133,0.07939802,-0.1526954,0.1030417,-0.3775303,18.1042096643066
-0.1050593,0.4080122,-0.1091039,-0.1123862,-0.1169398,0.2122439,0.04777029,0.1186494,0.07923856,-0.1528102,0.1031778,-0.3776473,17.2434246535316
-0.1050225,0.4079774,-0.109125,-0.112354,-0.1169219,0.2122618,0.04772812,0.1187085,0.07924196,-0.1528388,0.1019408,-0.3774031,17.6756092810854
-0.1049333,0.408112,-0.1091596,-0.1123232,-0.1169433,0.2121895,0.04782654,0.1186023,0.07937324,-0.1530321,0.1023217,-0.377536,17.9752773516081
-0.1048567,0.408425,-0.1092801,-0.1122565,-0.1171005,0.2121231,0.04779845,0.1186327,0.07973767,-0.1531233,0.102339,-0.3775111,17.7707292418359
-0.1046143,0.4079806,-0.1092633,-0.1122937,-0.1170276,0.2120386,0.04785433,0.1186652,0.08072285,-0.1535511,0.1020517,-0.3778137,18.3290014395386
-0.1042647,0.4079915,-0.1092163,-0.1123261,-0.1168827,0.2119877,0.04800046,0.1183941,0.08098522,-0.153868,0.1020166,-0.3781278,18.2083574704649
-0.10422,0.4080997,-0.1092891,-0.1122929,-0.116903,0.2119001,0.04800401,0.118366,0.08152436,-0.1530078,0.1019702,-0.3772855,18.1466228710333
-0.103985,0.4080938,-0.1092521,-0.1122742,-0.1167227,0.211945,0.04814133,0.1183392,0.08174158,-0.1531768,0.1018351,-0.3774073,18.2993442338759
-0.1034183,0.4084139,-0.1092114,-0.1122492,-0.1166323,0.2119789,0.04829453,0.1181573,0.08189353,-0.1538139,0.1019063,-0.3781036,18.2130760553902
-0.1033755,0.4084714,-0.1092139,-0.1122808,-0.1166188,0.2119565,0.04833626,0.1181769,0.08203328,-0.1539438,0.1017862,-0.378174,18.1447780361693
-0.1028175,0.4079675,-0.1090785,-0.1123319,-0.1163578,0.211961,0.04841139,0.1180844,0.08219588,-0.1539392,0.1020649,-0.378211,18.1781389830643
-0.1020873,0.4080389,-0.1090067,-0.1122887,-0.1161966,0.2119334,0.04877452,0.1179972,0.08232117,-0.1540511,0.1012813,-0.3783881,18.0618447910343
-0.1022369,0.4073489,-0.10897,-0.1122882,-0.1161249,0.2119068,0.0488874,0.1179949,0.08255333,-0.153948,0.1014704,-0.3782755,18.3875497027648
-0.1022452,0.407297,-0.1087896,-0.1122939,-0.1158716,0.2119465,0.04906398,0.1178601,0.08272632,-0.1539295,0.1015928,-0.3782315,18.3161105717595
-0.101587,0.4078903,-0.1086968,-0.1122465,-0.1158154,0.211923,0.0494766,0.1180054,0.08277977,-0.153779,0.1014735,-0.3780293,18.3048991786272
-0.1016297,0.4079778,-0.1086328,-0.1122068,-0.1156148,0.2120338,0.04968752,0.1181017,0.08291557,-0.1538734,0.1016253,-0.3781635,18.2728734140942
-0.1015943,0.4077675,-0.1084918,-0.1122465,-0.1153383,0.2120496,0.04990613,0.11771,0.08305429,-0.1536414,0.1016436,-0.3779639,18.4175976930684
-0.1014889,0.4084859,-0.108401,-0.1121845,-0.1152115,0.2120437,0.05010554,0.1178834,0.08320884,-0.1524517,0.1016413,-0.3768678,18.3927296448049
-0.1010873,0.4074835,-0.1082894,-0.112137,-0.1149049,0.2120213,0.05022757,0.1179345,0.08335582,-0.1518281,0.1018481,-0.3763414,18.3835447942005
-0.100783,0.4073647,-0.108023,-0.1120666,-0.1145871,0.2119815,0.05050918,0.1180721,0.08356453,-0.1516907,0.1017586,-0.3761454,18.3653385076188
-0.1007705,0.4075746,-0.1079346,-0.1120393,-0.1143423,0.2119343,0.05071018,0.1182033,0.08356954,-0.151558,0.1018384,-0.3760183,18.3744431596448
-0.1006565,0.4074321,-0.1075421,-0.1119538,-0.1137376,0.2118794,0.05090623,0.1185765,0.08366523,-0.1513055,0.101856,-0.3757359,18.3625313501055
-0.100083,0.4078512,-0.1073113,-0.1118826,-0.1133883,0.2119737,0.05133891,0.1187183,0.08379122,-0.1514636,0.1019638,-0.375817,17.434688289922
-0.1000536,0.4078318,-0.1072399,-0.1118531,-0.1131969,0.2120179,0.0515253,0.1188594,0.08386949,-0.1514668,0.1024687,-0.3757893,17.4996444865025
-0.09986994,0.4079827,-0.1069225,-0.1118177,-0.1126047,0.2120482,0.05159515,0.1188789,0.083954,-0.1513046,0.1025253,-0.3755535,17.4655049262862
-0.09971666,0.4081501,-0.1067772,-0.1117446,-0.1123967,0.2120743,0.05180489,0.1189656,0.08399406,-0.1512386,0.1018115,-0.3752897,17.4427838497847
-0.09905207,0.4072877,-0.1066791,-0.1117287,-0.1123402,0.2120802,0.05206061,0.1190663,0.08403032,-0.1516972,0.1022024,-0.3757057,17.4269478843663
-0.09849516,0.408118,-0.1065005,-0.1117267,-0.1120412,0.2120888,0.0522022,0.1190638,0.08408,-0.1517778,0.1021892,-0.3756843,17.4673174217834
-0.09841339,0.4083582,-0.1063794,-0.1116731,-0.1118746,0.2121404,0.05247519,0.1192034,0.0840619,-0.1519255,0.1027372,-0.3757795,17.5202492762456
-0.09832957,0.4084458,-0.1062669,-0.1116025,-0.1116908,0.2121531,0.05275061,0.1193347,0.08411422,-0.1520015,0.1012112,-0.3756595,17.423605900759
-0.09801184,0.4086001,-0.1060698,-0.111581,-0.1111515,0.2121556,0.05305248,0.1193331,0.08415428,-0.1520953,0.1015618,-0.3756694,17.4301078080558
-0.09789468,0.4086445,-0.1059906,-0.1115964,-0.1111185,0.2121329,0.05309843,0.1192833,0.08414183,-0.1521282,0.1019697,-0.3756802,17.4268563071805
-0.09798317,0.4089079,-0.1058035,-0.1115747,-0.1103465,0.2122698,0.05317893,0.1193491,0.08410814,-0.1521593,0.1021491,-0.3756608,17.4763344882699
-0.09768268,0.4092849,-0.105656,-0.1115254,-0.110069,0.2123901,0.05342094,0.1193994,0.08411335,-0.1524005,0.1029337,-0.3759366,17.468416151483
-0.09771865,0.4090962,-0.105613,-0.1115175,-0.1099924,0.2123571,0.05352813,0.1194485,0.08412854,-0.1523824,0.1029759,-0.3758484,17.4448874442147
-0.09771091,0.4090998,-0.1053892,-0.1114867,-0.1096771,0.2123971,0.0536237,0.1194861,0.08437561,-0.1523506,0.1035499,-0.3757322,18.0984947667562
-0.09746936,0.4089785,-0.1052277,-0.1114953,-0.1096497,0.2123634,0.05375905,0.1195031,0.08442266,-0.1524372,0.1033125,-0.3756443,18.0654591863667
-0.09752449,0.4091806,-0.1052031,-0.1114677,-0.1096319,0.2123599,0.0538741,0.1196551,0.08446004,-0.1524045,0.1034065,-0.3755344,17.9152830762784
-0.09724964,0.4095113,-0.1051057,-0.1114192,-0.1095159,0.212379,0.05404818,0.1197058,0.08443634,-0.1523439,0.104339,-0.3754809,17.8581997347113
-0.09719166,0.4092399,-0.1050308,-0.1113985,-0.1094667,0.2123811,0.05426081,0.119734,0.08449683,-0.1523177,0.1038074,-0.375304,17.8487183561259
-0.09752189,0.4095956,-0.1050263,-0.1113873,-0.10949,0.2123601,0.05429316,0.1197872,0.08455665,-0.1515838,0.1037309,-0.3745334,17.7029130648135
-0.09752174,0.4095949,-0.1047585,-0.1114168,-0.1089591,0.2123686,0.05444067,0.119926,0.08463938,-0.1516236,0.1036823,-0.3744876,17.7161951158817
-0.09730005,0.409905,-0.1046967,-0.1113445,-0.1089488,0.2123764,0.05458425,0.120028,0.08479513,-0.1516137,0.1040042,-0.3744111,17.739868835648
-0.09734499,0.4098527,-0.1046812,-0.1113435,-0.1089112,0.2123519,0.05468224,0.1200826,0.08484907,-0.1515357,0.104616,-0.374306,17.6734151770437
-0.09693571,0.4093793,-0.1046467,-0.1113528,-0.1089133,0.2122818,0.0548601,0.1200472,0.0848856,-0.1515515,0.1045435,-0.3742511,17.6828750207995
-0.09652284,0.4097605,-0.1046135,-0.1113223,-0.1089122,0.2122663,0.05494718,0.1200591,0.08488607,-0.1515407,0.1042244,-0.3741357,17.673310007947
-0.09658106,0.4097229,-0.1045437,-0.1113238,-0.1088417,0.2122289,0.05501289,0.12008,0.08489489,-0.1514422,0.1043627,-0.3739445,17.6723979131168
-0.09642421,0.4088551,-0.1044544,-0.111278,-0.1088051,0.2122433,0.05520432,0.1201138,0.08516624,-0.1517637,0.104428,-0.3742576,17.644730764208
-0.09641434,0.4088407,-0.1044129,-0.111258,-0.1087802,0.2122028,0.05529124,0.1202008,0.08542942,-0.1516322,0.1043241,-0.3740962,17.6713685589773
-0.09642999,0.4086814,-0.1043721,-0.1112419,-0.1087397,0.2121817,0.05533138,0.1202376,0.08557524,-0.1516633,0.1044056,-0.3740754,17.6589715259866
-0.09606924,0.4088911,-0.1043349,-0.1112177,-0.1087315,0.212217,0.055402,0.1203061,0.08555816,-0.151736,0.1044202,-0.3741295,18.1765077621779
-0.09606022,0.4090168,-0.104334,-0.1112261,-0.1087492,0.2122334,0.05542742,0.1203644,0.08570463,-0.1516612,0.104466,-0.3740404,18.1712575660624
-0.09608963,0.408763,-0.104242,-0.1111947,-0.108698,0.2121478,0.05551177,0.1203722,0.08573695,-0.1516839,0.1045993,-0.3739724,18.4289039392698
-0.09589373,0.4090809,-0.104082,-0.1111689,-0.1084808,0.2121931,0.05549335,0.1204894,0.08586395,-0.1517704,0.1050061,-0.3739988,18.5094942940762
-0.09569768,0.4088961,-0.104046,-0.111169,-0.1084572,0.2121946,0.05550888,0.1204975,0.08589794,-0.1517204,0.1049985,-0.3738648,18.557157871986
-0.09558366,0.4089186,-0.1039751,-0.1111764,-0.1083636,0.2121781,0.05560609,0.1203664,0.08597611,-0.1518181,0.1047517,-0.3738511,18.6132107012015
-0.09552819,0.4089673,-0.1038842,-0.1111344,-0.1082796,0.2122315,0.05559942,0.1205628,0.08620103,-0.1519657,0.1052019,-0.3739659,18.5491916960797
-0.09554111,0.4089052,-0.1038519,-0.1111302,-0.1082364,0.2122208,0.05561268,0.1205683,0.08627941,-0.1518159,0.1052261,-0.3737296,18.4730068208123
-0.0953073,0.4091684,-0.1037679,-0.1110317,-0.1082356,0.2122274,0.05568545,0.1205441,0.08630171,-0.1518253,0.1055149,-0.373654,18.3696330178725
-0.09532838,0.4091518,-0.1037533,-0.111021,-0.1082301,0.2122201,0.05575553,0.120501,0.08637728,-0.1515396,0.105491,-0.3732838,18.3795743735614
-0.095449,0.4086178,-0.103687,-0.1109729,-0.1082092,0.212216,0.05581621,0.1203826,0.08642433,-0.151668,0.1056844,-0.3733346,18.3664106584679
-0.09546307,0.4086074,-0.1036571,-0.1109521,-0.1081735,0.2122577,0.05591993,0.1203249,0.08642566,-0.1516709,0.1057289,-0.3732644,18.3446070602331
-0.09538399,0.4085042,-0.1036508,-0.1109745,-0.1082008,0.2122507,0.05593498,0.1202433,0.08646897,-0.1516367,0.1057509,-0.3731646,18.3246056472603
-0.09547435,0.4087309,-0.1036238,-0.1109858,-0.1081232,0.212206,0.05598541,0.1201919,0.08646153,-0.1517115,0.1058961,-0.373147,18.324904919596
-0.09530501,0.4086029,-0.103569,-0.1109677,-0.1080281,0.212289,0.05620703,0.1198218,0.08655991,-0.1522498,0.1049466,-0.3735933,18.3902461335898
-0.09536958,0.4085629,-0.1035578,-0.1109845,-0.1079981,0.2122793,0.05623253,0.1196377,0.08656496,-0.1522849,0.1049632,-0.3735423,18.3771788014687
-0.09513365,0.4088291,-0.1035109,-0.1109727,-0.1078461,0.2123276,0.05627109,0.1195683,0.08647323,-0.1523286,0.105365,-0.3735257,18.5618659828321
-0.09469108,0.4097444,-0.1034667,-0.1109446,-0.1077943,0.2124677,0.05635546,0.1195698,0.08647152,-0.1523593,0.1054002,-0.3734662,18.6889421343503
-0.09470895,0.4096325,-0.1034631,-0.1110051,-0.1078669,0.2124581,0.05633697,0.1195633,0.08641283,-0.1523612,0.1055285,-0.3733629,18.7860996666985
-0.09466507,0.409876,-0.1034708,-0.1110311,-0.1078271,0.2124947,0.0564179,0.1192566,0.08644439,-0.1524876,0.1055868,-0.3733952,18.8269311377765
-0.09470312,0.4098572,-0.1034362,-0.1110241,-0.1078095,0.2125338,0.05641034,0.119225,0.08648059,-0.1526325,0.1058892,-0.3734308,18.857839212345
-0.09491387,0.4096408,-0.1034368,-0.1110838,-0.1078317,0.2124822,0.05637779,0.1192306,0.08648506,-0.1526251,0.1059683,-0.3733339,18.429579549574
-0.09493251,0.409638,-0.1034256,-0.1111043,-0.1077792,0.2125055,0.05636814,0.119173,0.08651503,-0.1527047,0.1059607,-0.3732955,18.5742970514548
-0.09515318,0.4098573,-0.1034191,-0.1110868,-0.1077412,0.2126247,0.05636394,0.1191262,0.08645996,-0.1528662,0.1060724,-0.373397,18.6497637365671
-0.09525444,0.4095691,-0.1034415,-0.1111128,-0.1077407,0.2125987,0.05636407,0.1189428,0.08646479,-0.1528858,0.1060476,-0.3733132,18.2945921226857
-0.09523899,0.4095126,-0.1034117,-0.1111348,-0.1074832,0.2126788,0.05640063,0.1189061,0.08646446,-0.1530373,0.1059739,-0.373434,18.2549923095403
-0.09518225,0.409624,-0.1034211,-0.1111391,-0.1075356,0.2126769,0.05637904,0.1187946,0.08641988,-0.153047,0.1058925,-0.3733661,18.0666877773873
-0.09530964,0.4093369,-0.1033996,-0.1111413,-0.1074684,0.212706,0.05629328,0.1188876,0.08641639,-0.1530517,0.1068572,-0.3733841,18.3796062882935
-0.09535804,0.4092072,-0.1033848,-0.1111488,-0.1073665,0.2127149,0.05631698,0.1187596,0.08649221,-0.1533487,0.1067249,-0.373574,18.5033737386425
-0.09563021,0.4087827,-0.1034299,-0.1111696,-0.1074295,0.2126831,0.05633942,0.1186994,0.08647752,-0.1533276,0.1063034,-0.3734811,18.5802906138543
-0.09566851,0.4086134,-0.103408,-0.1111983,-0.1073151,0.2127037,0.05636881,0.1186134,0.08667485,-0.1534823,0.1062631,-0.3735707,18.6026766131907
-0.09599314,0.4083439,-0.1034172,-0.1112251,-0.1073306,0.212741,0.05632883,0.1184201,0.08665406,-0.1536523,0.1062525,-0.3736496,18.5232880113276
-0.09600709,0.4083269,-0.1034272,-0.1112426,-0.1073417,0.2127441,0.05633304,0.1184153,0.08666288,-0.1536726,0.1061976,-0.3735916,18.5588458341609
-0.09589035,0.4090185,-0.1034529,-0.1112776,-0.1073745,0.2128051,0.05627065,0.1184168,0.08679114,-0.1532681,0.1057937,-0.3730463,18.3296100247446
-0.09598761,0.4090754,-0.1035009,-0.1112985,-0.1075019,0.2128369,0.05620671,0.1183873,0.08678402,-0.1532762,0.1058602,-0.3730167,18.4104011406389
-0.09597457,0.4088179,-0.1035194,-0.1113103,-0.1076268,0.2128139,0.05617126,0.1183292,0.08682574,-0.1532394,0.1056567,-0.3728946,18.4318635370639
-0.09594869,0.4090787,-0.103521,-0.1113197,-0.1076459,0.2128674,0.05611435,0.1183583,0.08683385,-0.1533723,0.1053798,-0.3729481,17.9025692630558
-0.09614714,0.4091066,-0.1035892,-0.1113802,-0.1077511,0.2128704,0.05597122,0.1180456,0.08682802,-0.1535554,0.1052545,-0.3730756,17.7887913899986
-0.09622169,0.4092438,-0.1035942,-0.1113868,-0.1078149,0.2128944,0.05585746,0.1180163,0.08699048,-0.1532078,0.1051782,-0.372677,17.7505320472433
-0.09621625,0.4088843,-0.1035899,-0.1113894,-0.1078047,0.2129326,0.05583428,0.1178225,0.08698104,-0.1532509,0.1051512,-0.3726324,17.7155241953171
-0.09691822,0.4078082,-0.1037201,-0.1114736,-0.1082021,0.2127412,0.05556852,0.1177185,0.08697306,-0.1534418,0.1049166,-0.3727367,17.6959022831383
-0.09703285,0.4076502,-0.1037492,-0.1115132,-0.1082694,0.2127268,0.05516022,0.1180039,0.08691824,-0.1532489,0.1046925,-0.3724659,17.6811105430101
-0.09736981,0.4079103,-0.1037633,-0.1115166,-0.108298,0.2127539,0.05512935,0.1179543,0.0867404,-0.1531515,0.1046127,-0.372339,17.9465507254274
-0.09774091,0.4075493,-0.1038021,-0.1115311,-0.1083873,0.2127236,0.05507435,0.1179716,0.08672725,-0.1532357,0.1045263,-0.3723586,17.8131070664519
-0.09817988,0.4056544,-0.1039138,-0.1116063,-0.1086624,0.2125761,0.05502279,0.1179448,0.08676715,-0.1532791,0.1046971,-0.3723546,18.1774657209203
-0.0982343,0.4057314,-0.1039406,-0.1115868,-0.1087318,0.2125386,0.05490545,0.1179118,0.08667567,-0.1534232,0.1044315,-0.3724159,17.8739180962312
-0.09875824,0.4054056,-0.104073,-0.1116567,-0.1089127,0.2124289,0.05487162,0.1178876,0.08663497,-0.1535656,0.1029499,-0.3723225,17.8386206857331
-0.09878179,0.4054394,-0.1041095,-0.1116994,-0.1089459,0.2124368,0.05456457,0.1176587,0.0866134,-0.153317,0.1029918,-0.3720094,17.7569175165336
-0.0989184,0.4057283,-0.1041897,-0.1117379,-0.1090636,0.2124272,0.05439761,0.1176237,0.08645673,-0.153442,0.1029974,-0.3721313,17.6724321709325
-0.09899721,0.4057446,-0.1043891,-0.1116915,-0.1095045,0.2123549,0.05430796,0.11761,0.08645794,-0.1534844,0.1026921,-0.3719676,18.0575739847394
-0.09892769,0.4055816,-0.1044661,-0.1117402,-0.1095726,0.2123478,0.0542325,0.1175475,0.08631165,-0.1538999,0.1027574,-0.3723725,17.9789178145297
-0.09924796,0.4048377,-0.1046946,-0.1118046,-0.1098772,0.212204,0.05422793,0.1175495,0.08626466,-0.1539281,0.1027433,-0.3723302,17.9954108348262
-0.0993677,0.4049029,-0.1048136,-0.1118386,-0.1102713,0.2121583,0.05379369,0.1175453,0.08620293,-0.1537942,0.1025636,-0.3720992,17.8331721740248
-0.09935076,0.4049005,-0.1048935,-0.1118653,-0.1103297,0.2121339,0.05364224,0.1175367,0.08604098,-0.1539125,0.1026177,-0.3721883,17.8193948226688
-0.09983341,0.4051451,-0.1050248,-0.1119794,-0.1105821,0.2120922,0.05295616,0.1177268,0.08576025,-0.1539956,0.1024813,-0.3721629,18.0060378165171
-0.1003036,0.4078074,-0.105218,-0.1119267,-0.1107713,0.2121556,0.05283511,0.1177994,0.08557021,-0.1540347,0.1024592,-0.3721354,17.8495988710405
-0.10029,0.4081983,-0.1054172,-0.1118834,-0.1110596,0.2121336,0.05282134,0.1178097,0.0855615,-0.1539589,0.102162,-0.3719009,17.7115422903811
-0.1004276,0.4086308,-0.1056077,-0.1117624,-0.1115099,0.2121116,0.05276819,0.1178953,0.08546025,-0.1536021,0.1019623,-0.3714322,17.6944526994173
-0.1003097,0.4080383,-0.1057369,-0.1117994,-0.1115664,0.2121191,0.05270544,0.1178057,0.08501531,-0.1536642,0.1020712,-0.3715228,17.5901977049909
-0.1002452,0.4080343,-0.1058844,-0.1118668,-0.1117412,0.2121063,0.05241514,0.1178862,0.08488749,-0.1538275,0.1021266,-0.3716558,17.9298046181502
-0.1005176,0.4077581,-0.1060636,-0.1118184,-0.1121247,0.2120747,0.05233128,0.1179592,0.08482774,-0.1541344,0.1017913,-0.3718762,17.7933273859453
-0.1003682,0.4075783,-0.106161,-0.111933,-0.1122158,0.2120582,0.05219739,0.1177683,0.08481354,-0.1541369,0.101208,-0.3717321,17.6547246649175
-0.1003417,0.4075506,-0.1063352,-0.1120275,-0.1125122,0.2119306,0.05207677,0.1175958,0.08458786,-0.1538739,0.1012008,-0.3715001,17.6106154659186
-0.1008039,0.4073353,-0.106494,-0.1120797,-0.1127222,0.211854,0.05192508,0.1174757,0.08452345,-0.1540148,0.1011745,-0.3716574,18.5089414338946
-0.1007276,0.4074253,-0.1065368,-0.1120021,-0.1128635,0.2118554,0.05168685,0.117576,0.08452117,-0.1540259,0.1008887,-0.3716217,18.4279906454666
-0.1009046,0.4073477,-0.1066871,-0.1120009,-0.1130032,0.211804,0.05159113,0.117426,0.08396561,-0.1538254,0.1008764,-0.3714482,17.7603390044147
-0.1011539,0.4072835,-0.1069067,-0.1120957,-0.1134306,0.211682,0.05108591,0.1176801,0.0838909,-0.15398,0.1008963,-0.3716123,17.6660314170001
-0.1010636,0.4072261,-0.1069262,-0.1121248,-0.1134477,0.2116589,0.05065984,0.1179898,0.08379491,-0.1539099,0.1008771,-0.3715376,17.6699402890266
-0.1011546,0.4068079,-0.1071288,-0.1121672,-0.1136863,0.2116513,0.05056324,0.117945,0.08367255,-0.1536135,0.1009567,-0.3712362,17.7251146569057
-0.101328,0.4070365,-0.1072518,-0.1121035,-0.1137606,0.2116923,0.0505884,0.1179824,0.08358341,-0.1533005,0.1009918,-0.3708929,17.6825246099108
-0.101549,0.407686,-0.1074393,-0.1120734,-0.1138975,0.2115768,0.05044202,0.117884,0.08355588,-0.153304,0.1010765,-0.3708563,17.6335771290452
-0.1016982,0.4075565,-0.1075876,-0.1120025,-0.1142043,0.2114859,0.05039143,0.117961,0.08358077,-0.1532768,0.1017931,-0.3708633,17.617990768461
-0.1018024,0.4069733,-0.1076377,-0.112053,-0.1142644,0.2114473,0.05037864,0.1178956,0.0837211,-0.1532265,0.1017867,-0.3707006,18.1664561493514
-0.1016738,0.407076,-0.1076512,-0.1120239,-0.1143003,0.2114524,0.05029401,0.1179188,0.08366901,-0.153103,0.101798,-0.370528,18.3857546771483
-0.1018541,0.4071271,-0.107813,-0.1119469,-0.1145577,0.2113746,0.05030886,0.1179326,0.08381879,-0.1523332,0.1018537,-0.3697293,18.4846621832863
-0.101848,0.4073189,-0.1077954,-0.111914,-0.1145247,0.2113674,0.05032095,0.1179063,0.08394609,-0.1526121,0.1018936,-0.369903,18.358868141157
-0.1017022,0.4067539,-0.1078176,-0.1119703,-0.1145651,0.2113156,0.0502771,0.1178306,0.0839463,-0.1526008,0.1022515,-0.3698569,18.5337881393079
-0.1019605,0.4064297,-0.1079017,-0.1119101,-0.1147286,0.2112138,0.05029127,0.1178685,0.08408078,-0.152553,0.102229,-0.3697475,18.2117935140327
-0.1018732,0.4064656,-0.1078717,-0.1119219,-0.1146638,0.2112044,0.05029212,0.1178527,0.08410838,-0.1526015,0.1022006,-0.369718,18.0160828292545
-0.1018366,0.4066093,-0.1078819,-0.111916,-0.1147,0.211212,0.05036991,0.1178398,0.08414561,-0.1526303,0.1021693,-0.3697461,18.4960508047407
-0.1018343,0.4063361,-0.1078915,-0.111912,-0.1146428,0.2111496,0.0503858,0.1178293,0.08417036,-0.1526485,0.1022319,-0.3697677,18.4658655740251
-0.1016373,0.4064461,-0.1078836,-0.1119063,-0.1146866,0.2111872,0.0504399,0.1177182,0.08425748,-0.1526663,0.1026259,-0.3697558,18.3822874873322
-0.1016221,0.4062594,-0.1079412,-0.1118645,-0.1147656,0.2111233,0.05054974,0.1177785,0.08419323,-0.1523466,0.1025008,-0.3693992,18.1837550952627
-0.1016048,0.4063418,-0.1079276,-0.1118506,-0.114807,0.211145,0.05056124,0.1178765,0.08417783,-0.1523072,0.1019148,-0.3692902,18.0288018632268
-0.1015385,0.4065014,-0.1078668,-0.1118533,-0.1147338,0.2110831,0.05064484,0.1177837,0.08421684,-0.1526105,0.1018467,-0.3696178,18.7758923139432
-0.1014386,0.4066677,-0.1079238,-0.1118625,-0.1147548,0.2110574,0.05064209,0.1178052,0.08400486,-0.1524221,0.1022492,-0.3695318,18.7039292151673
-0.1012853,0.4069424,-0.1079279,-0.1118311,-0.1147433,0.2110172,0.05064841,0.1178178,0.08385497,-0.1523521,0.1019122,-0.3694051,18.6791561158533
-0.1009743,0.4071237,-0.1079248,-0.1118134,-0.114721,0.2110179,0.05068086,0.1178063,0.08360837,-0.1523477,0.1018982,-0.3694209,18.6249112488111
-0.1012834,0.4063542,-0.1079508,-0.1118655,-0.1147316,0.2109937,0.05064869,0.1178364,0.08352564,-0.1521603,0.1019376,-0.3692566,18.6052854081312
-0.1011817,0.4068802,-0.1079551,-0.1118162,-0.1147338,0.210994,0.05070192,0.1178386,0.0835231,-0.1521592,0.1020303,-0.3692686,18.5641986897007
-0.1011831,0.4069048,-0.1079475,-0.1118102,-0.1147203,0.211006,0.05069974,0.1178939,0.08343788,-0.152145,0.102115,-0.3692843,18.5226224438496
-0.1009343,0.4064761,-0.1079688,-0.1118003,-0.1147297,0.2109778,0.05072207,0.1178667,0.08359324,-0.1523478,0.1020853,-0.3694716,18.4980334373753
-0.1008396,0.4063334,-0.1079646,-0.1118017,-0.114747,0.2109345,0.05072861,0.1178606,0.08412881,-0.152793,0.1024323,-0.3699009,18.4995059598002
-0.1008923,0.406329,-0.1079854,-0.1117574,-0.1147388,0.2109544,0.05070996,0.1178779,0.08409824,-0.152815,0.1025314,-0.3699421,18.4707225167589
-0.1010626,0.406166,-0.108013,-0.1117284,-0.1147881,0.2109272,0.05068992,0.1178964,0.0840796,-0.1528216,0.1025448,-0.3699344,18.4552125599447
-0.1009264,0.4064531,-0.1080171,-0.111718,-0.1147795,0.2109452,0.05070084,0.117895,0.08415283,-0.1530038,0.1024128,-0.3700896,18.4240274528886
-0.100927,0.4063726,-0.1080719,-0.1116942,-0.1148154,0.210936,0.05060972,0.1179432,0.08411239,-0.1529936,0.1025248,-0.370176,18.410086542021
-0.1012459,0.4060857,-0.1081054,-0.1116464,-0.114902,0.2109392,0.05034383,0.1181927,0.08392144,-0.1530759,0.1025101,-0.3702679,18.3759500040041
-0.1011838,0.406459,-0.1081682,-0.1116113,-0.1149691,0.2109439,0.05033203,0.1181638,0.08326171,-0.1534795,0.102595,-0.3706861,18.3625973135111
-0.1012492,0.4063985,-0.1083087,-0.1115611,-0.1151589,0.2109726,0.05022773,0.1180974,0.08296595,-0.1535329,0.1026527,-0.3706604,17.535971570865
-0.1012881,0.4062186,-0.1083477,-0.1115635,-0.1152057,0.2109861,0.04991758,0.1178794,0.08272646,-0.1537273,0.1009529,-0.3708748,18.1879934317492
-0.101141,0.4060561,-0.1084571,-0.1115395,-0.115368,0.2109947,0.04985695,0.1178002,0.08234695,-0.154092,0.1009259,-0.3711924,16.3760204343772
-0.1012354,0.4055984,-0.108767,-0.1114964,-0.1156153,0.2110136,0.04957091,0.117896,0.08200756,-0.1537498,0.1008619,-0.370809,16.4154828025105
-0.101394,0.4055157,-0.1088385,-0.1114823,-0.1156191,0.2110659,0.04915239,0.1175743,0.08071828,-0.1538574,0.1010889,-0.370921,16.4321678745771
-0.1020589,0.4051493,-0.1091009,-0.1115873,-0.1157828,0.2109813,0.04870066,0.1173505,0.07907772,-0.1541042,0.1014499,-0.3711277,16.5316956995062
-0.1024677,0.4051366,-0.1093397,-0.1115039,-0.1160881,0.2109372,0.04862496,0.1174652,0.07901837,-0.1541503,0.1030063,-0.3712559,16.7195901511622
-0.1025745,0.405136,-0.1095449,-0.1114857,-0.1163146,0.2109374,0.04828718,0.1173907,0.07890631,-0.1542355,0.1029094,-0.3713403,16.6741264539407
-0.1028343,0.4053968,-0.1099305,-0.1114418,-0.1167395,0.2108918,0.04804146,0.1173449,0.07783436,-0.1531609,0.1016512,-0.3703197,17.2513706224481
-0.1035962,0.4051662,-0.1101929,-0.1114512,-0.1168814,0.2109275,0.04736407,0.1167817,0.07705091,-0.1529618,0.1020038,-0.3700182,16.8039767511866
-0.103692,0.4052602,-0.1103418,-0.1115758,-0.1168151,0.2108946,0.04677772,0.1164591,0.07625271,-0.1531337,0.102139,-0.3700826,16.6805132739332
-0.1052671,0.4046535,-0.1107683,-0.1117307,-0.1172597,0.2106005,0.04590148,0.1163674,0.07574435,-0.1532459,0.1016061,-0.3702073,16.6833868455219
-0.1065647,0.4056489,-0.1112763,-0.1117768,-0.118004,0.2106447,0.04460669,0.1167187,0.07538849,-0.1532155,0.0979607,-0.3703431,18.4564732200873
-0.1070624,0.4053176,-0.1119765,-0.1118436,-0.1188067,0.2106426,0.04430022,0.1166948,0.0747133,-0.1533329,0.09663941,-0.3704099,18.6932587191262
-0.1080629,0.4038411,-0.1124235,-0.1119739,-0.1193166,0.2102626,0.04386862,0.11661,0.07441442,-0.153349,0.09665429,-0.370465,18.7725322645144
-0.1089625,0.4033073,-0.1129996,-0.1119678,-0.1201408,0.2102975,0.04337899,0.1166041,0.07422221,-0.1531766,0.09689144,-0.370344,17.9502521629849
-0.1094129,0.4041191,-0.1134202,-0.1118933,-0.1207851,0.210434,0.04244542,0.1169444,0.07386647,-0.1530508,0.09526044,-0.3701679,17.928479879521
-0.1099451,0.4039816,-0.1138627,-0.111802,-0.1215533,0.210377,0.04169933,0.1174937,0.07340731,-0.152821,0.09440911,-0.369869,18.4073076081681
-0.1107685,0.4039351,-0.114332,-0.1116795,-0.1220064,0.2103549,0.04125332,0.1178715,0.07294435,-0.1527729,0.09468947,-0.3698198,18.5865702293887
-0.1110524,0.4042821,-0.1147633,-0.1115654,-0.1226052,0.2103692,0.04082489,0.1181292,0.07261179,-0.152837,0.09484315,-0.3698351,18.4923209549855
-0.112131,0.4035815,-0.1151386,-0.1114932,-0.123437,0.2101531,0.03968002,0.1191,0.07248215,-0.1523323,0.09274439,-0.3693032,18.3523925610243
-0.1126358,0.4041143,-0.1154512,-0.1114288,-0.123691,0.210114,0.03896676,0.1190641,0.07213681,-0.1521311,0.0939823,-0.3691009,18.3429118261362
-0.1134167,0.4040489,-0.1159284,-0.1114525,-0.1243378,0.210054,0.03820421,0.1192742,0.071795,-0.1519908,0.09518732,-0.3688192,18.3420659564302
-0.1139957,0.404489,-0.1163178,-0.1113085,-0.1246133,0.2099725,0.03766326,0.1195064,0.07146601,-0.151562,0.09409492,-0.3683512,18.2897109626983
-0.1138996,0.4049492,-0.1166936,-0.1111474,-0.1252776,0.2097861,0.03738311,0.1197575,0.07124022,-0.1515575,0.09329832,-0.368288,18.1310719536309
-0.1145823,0.404515,-0.1170676,-0.1110495,-0.125624,0.2095485,0.03697309,0.1198208,0.07096907,-0.1515094,0.09289236,-0.3681711,18.0801487228864
-0.1146467,0.4045037,-0.117312,-0.1108901,-0.1259723,0.2094338,0.03669711,0.1199421,0.07070105,-0.1515052,0.09212405,-0.368125,18.0634362197318
-0.1145173,0.4047899,-0.1174482,-0.110713,-0.1263567,0.2093271,0.0363888,0.120006,0.07048708,-0.1512596,0.09133556,-0.3679122,18.8457408381935
-0.1146574,0.4044771,-0.1178395,-0.1106816,-0.1270873,0.2090714,0.03577075,0.1198905,0.07014477,-0.151394,0.09099994,-0.3680436,18.671224318852
-0.1149325,0.4046872,-0.1182498,-0.1105863,-0.1280812,0.2092211,0.03534895,0.11993,0.0697384,-0.1513332,0.09069186,-0.3679769,18.5374458757532
-0.1145571,0.4045561,-0.1185301,-0.1106554,-0.1286288,0.2091332,0.03489635,0.1194822,0.06923938,-0.151809,0.09027074,-0.3684552,18.4077914698051
-0.1146761,0.4042514,-0.1186842,-0.11065,-0.1290872,0.2092071,0.03425125,0.1196702,0.06907894,-0.1519209,0.08999696,-0.3685876,18.2787171005061
-0.1149802,0.4037935,-0.1188679,-0.1108132,-0.1296323,0.2090819,0.03266497,0.1195061,0.06859066,-0.152216,0.08976535,-0.3688735,18.1950171080605
-0.1152047,0.4034932,-0.1190418,-0.1108888,-0.1300576,0.2090126,0.03202726,0.1196618,0.06802326,-0.1524526,0.08945857,-0.3691093,18.0936300679367
-0.1158506,0.4031618,-0.1193404,-0.1108889,-0.130565,0.2089216,0.03155526,0.1197793,0.06771585,-0.1526859,0.08927456,-0.3693441,18.0765209634722
-0.1164934,0.403435,-0.1196195,-0.1108989,-0.1310449,0.2088739,0.03061935,0.1206296,0.06749752,-0.1527423,0.08878643,-0.3694244,18.0576058629833
-0.1175879,0.4034176,-0.1199849,-0.1109664,-0.1314396,0.2089035,0.03000954,0.1209254,0.06727968,-0.1527671,0.08837033,-0.3694571,18.0716793628653
-0.1177547,0.4035911,-0.1200808,-0.1109845,-0.1315901,0.2089426,0.02953266,0.121028,0.06707148,-0.1527914,0.08844745,-0.36948,18.0789434737786
-0.1177216,0.4036195,-0.1202028,-0.1109515,-0.1316939,0.2088184,0.02949601,0.1211086,0.06692933,-0.1527192,0.08843968,-0.3694162,18.5564932806228
-0.1183326,0.4033613,-0.1204336,-0.110934,-0.1318882,0.2086498,0.02950464,0.12118,0.06669281,-0.1526359,0.08832322,-0.3693347,18.7764495578595
-0.1182187,0.4036448,-0.1205143,-0.1109144,-0.1319897,0.2086372,0.02934205,0.1214615,0.06660807,-0.1525905,0.08817435,-0.3693018,18.8870651932625
-0.1179214,0.4035295,-0.1205844,-0.1110301,-0.132185,0.2085459,0.02931841,0.1211569,0.06646797,-0.1526799,0.08806743,-0.3693979,19.5136858931023
-0.1183738,0.4030898,-0.120649,-0.1109941,-0.1322449,0.2084842,0.02934243,0.1211067,0.06637123,-0.1525822,0.08809512,-0.3693083,19.7914734778434
-0.118506,0.4031576,-0.1206228,-0.1109801,-0.1322011,0.2085112,0.02924579,0.1211737,0.0663067,-0.1524959,0.08808292,-0.3692352,19.3134061997849
-0.1183811,0.4030491,-0.1206421,-0.1109483,-0.132189,0.2084501,0.02929872,0.1212856,0.06619653,-0.1524421,0.08805996,-0.3691859,16.6671875822252
-0.1185037,0.4019947,-0.1206785,-0.1109371,-0.1322165,0.2083587,0.02931718,0.1212261,0.06614576,-0.1525735,0.08807857,-0.3693288,16.4784138276725
-0.1184001,0.4020168,-0.1207045,-0.1108478,-0.1322023,0.2083475,0.02950769,0.1214021,0.06618096,-0.1525302,0.08804007,-0.3692977,20.2525404711321
-0.1184682,0.4020434,-0.1207024,-0.1107892,-0.1322677,0.2083013,0.02961673,0.1213598,0.06616458,-0.1526066,0.08812682,-0.3693779,20.2545912318616
-0.1185712,0.4019926,-0.1206919,-0.1107869,-0.1323228,0.2082112,0.02969268,0.1212536,0.06616285,-0.1525066,0.08814034,-0.3692914,19.9686487777946
-0.1185416,0.4020552,-0.1206969,-0.1107485,-0.1323323,0.2082013,0.02982064,0.1212589,0.06618216,-0.1524551,0.08813618,-0.3692541,19.8090395453089
-0.1184276,0.4022146,-0.1206509,-0.1106722,-0.1322873,0.2081812,0.03001816,0.1213914,0.06621105,-0.152418,0.08826946,-0.3692183,19.9232745225288
-0.1183575,0.4021432,-0.1206984,-0.1107251,-0.1323465,0.2081289,0.03010119,0.1212129,0.06626608,-0.1523402,0.08841313,-0.3691464,20.0237705184784
-0.1182838,0.402217,-0.1207256,-0.1107035,-0.1324213,0.2080999,0.0301264,0.1212114,0.06635256,-0.1524387,0.0884528,-0.3692614,20.121196541347
-0.1183128,0.4021316,-0.1206683,-0.1106346,-0.1323638,0.2080881,0.03018207,0.1212191,0.06650396,-0.1516319,0.08839204,-0.3684886,19.5387051432024
-0.1177029,0.4010954,-0.1206146,-0.110646,-0.1322501,0.208032,0.03038244,0.1212971,0.06668073,-0.151917,0.08837933,-0.3687978,19.3219536872306
-0.1174518,0.4013773,-0.1205175,-0.1106025,-0.1320543,0.2080702,0.03057039,0.1213063,0.06674434,-0.1518965,0.088441,-0.3687847,19.7203499889202
-0.1173165,0.4013345,-0.1204707,-0.1105615,-0.1319519,0.2080961,0.03081264,0.1213017,0.06680646,-0.1518923,0.08857779,-0.368782,19.3897106801497
-0.1166785,0.401191,-0.1203632,-0.1105641,-0.1318613,0.2080776,0.03113134,0.121196,0.06684389,-0.1519034,0.08861183,-0.3688032,19.7528322894604
-0.1162906,0.401436,-0.1203191,-0.1105477,-0.1315667,0.2081117,0.03138233,0.120948,0.06689316,-0.1519218,0.08872008,-0.3688223,19.9554660653856
-0.1163461,0.4007798,-0.1202344,-0.1106025,-0.1313937,0.2081614,0.03156492,0.1207558,0.06698044,-0.1519015,0.0887982,-0.3688124,20.065179749347
-0.1160398,0.4010562,-0.1201635,-0.1105744,-0.1310776,0.2082368,0.03173586,0.1207969,0.0670894,-0.1517094,0.0888387,-0.3686332,19.8241855246119
-0.1156746,0.4024472,-0.1201669,-0.1105809,-0.1310357,0.2082667,0.03186455,0.1207941,0.06705122,-0.1513804,0.08893427,-0.3683022,18.6010131885653
-0.115955,0.4008513,-0.1201079,-0.1106694,-0.1310036,0.208265,0.0320177,0.1206592,0.06711365,-0.1513356,0.0889227,-0.368264,18.5020474825038
-0.1157141,0.4012566,-0.1199836,-0.110695,-0.1308973,0.2083068,0.03211004,0.1206466,0.06715085,-0.1513378,0.08889565,-0.3682746,18.5047588382396
-0.1155405,0.4013566,-0.1199799,-0.1106232,-0.1307217,0.2083773,0.03222784,0.1206172,0.06720749,-0.1514025,0.08885778,-0.3683518,18.7605301857359
-0.115285,0.4013588,-0.1198631,-0.1106074,-0.1304802,0.208397,0.03239058,0.1206082,0.06724074,-0.1514409,0.0888721,-0.3683934,18.7288218909107
-0.1148987,0.4015594,-0.1198418,-0.1105933,-0.1303597,0.2083563,0.03252135,0.1205898,0.06724814,-0.1513526,0.08887599,-0.3683133,18.7871098374792
-0.1151476,0.4018846,-0.1198756,-0.1105374,-0.1303507,0.2083831,0.032571,0.1207027,0.06731249,-0.1512105,0.08886842,-0.3681933,18.8113943411342
-0.115243,0.4007825,-0.1198695,-0.1105778,-0.1303436,0.2082734,0.03266447,0.120427,0.06734678,-0.1512183,0.08884656,-0.3682125,18.8203785239419
-0.1151266,0.4008435,-0.1198693,-0.1104745,-0.1302404,0.2082005,0.03272909,0.1204877,0.06737977,-0.1512088,0.08877265,-0.3682214,18.8315291907851
-0.1153054,0.40096,-0.1199761,-0.1103448,-0.1301982,0.2082839,0.03266473,0.120575,0.06744508,-0.1511599,0.08876261,-0.3681902,18.507778121467
-0.1154336,0.4001658,-0.1199925,-0.1102927,-0.1302648,0.2082161,0.03275563,0.1205653,0.06738186,-0.1511593,0.08888116,-0.368183,18.7299658538231
-0.1156226,0.4001735,-0.1201207,-0.1102564,-0.1304337,0.2081003,0.03249548,0.1205701,0.06734439,-0.1511912,0.08898157,-0.3682128,19.7502329868706
-0.1165854,0.3988935,-0.1202606,-0.1102203,-0.1308677,0.2078801,0.03237999,0.1206195,0.06738367,-0.1513527,0.0889532,-0.3683899,18.7889177610607
-0.11629,0.3990862,-0.1202921,-0.1100463,-0.1308396,0.2079285,0.03241956,0.1206707,0.06728483,-0.1515995,0.08896822,-0.3685809,18.6668746869352
-0.1162228,0.398862,-0.1203549,-0.1099316,-0.1310529,0.207746,0.03239468,0.1206844,0.06721557,-0.152304,0.08903328,-0.3692999,18.7825531579515
-0.1170833,0.3982787,-0.1205543,-0.1099177,-0.1313381,0.2075939,0.03239073,0.1203944,0.06709322,-0.1523194,0.08894485,-0.369318,16.364776197467
-0.1174143,0.3985199,-0.1207768,-0.1098449,-0.1315359,0.2074687,0.03216591,0.1203575,0.0669535,-0.1521827,0.08885651,-0.3691883,16.3858390838433
-0.1173608,0.3993706,-0.1207834,-0.1097172,-0.1315473,0.2074835,0.03181509,0.1204732,0.06665923,-0.1520764,0.08873481,-0.3690777,16.3828286850202
-0.1174889,0.3999391,-0.1209758,-0.1096444,-0.1319512,0.2075021,0.03138871,0.120322,0.06627503,-0.1516783,0.08856577,-0.3686778,16.3811087189125
-0.1177467,0.4001881,-0.1211106,-0.1095855,-0.1321234,0.2074625,0.03109108,0.1205429,0.06612639,-0.151633,0.08824533,-0.3686564,16.4343773864793
-0.1179851,0.4001689,-0.1212634,-0.1096753,-0.1323853,0.2073915,0.03063104,0.1204157,0.06586551,-0.1516376,0.08802306,-0.3686655,16.4096748621026
-0.1183752,0.3992978,-0.1215775,-0.1096146,-0.1325626,0.2073392,0.03022643,0.1204273,0.06559791,-0.1518531,0.0879176,-0.3688807,16.4383691512084
-0.1190048,0.399571,-0.1218424,-0.1095288,-0.1327108,0.2072884,0.02986304,0.1206138,0.06540957,-0.1516865,0.08776569,-0.368716,16.4498547690452
-0.1189662,0.3994856,-0.1219154,-0.109552,-0.1327688,0.2073176,0.02963787,0.1202876,0.065273,-0.1517269,0.08769174,-0.3687603,16.4345110835233
-0.1189224,0.3994774,-0.121964,-0.1095938,-0.132819,0.2073645,0.02925041,0.1200826,0.06491861,-0.1514539,0.08755485,-0.3684783,16.4349431351377
-0.1186561,0.3989687,-0.1220092,-0.1095849,-0.1328391,0.2074359,0.0290166,0.1200105,0.06455744,-0.1514386,0.08744268,-0.3684299,16.4456096538279
-0.1189836,0.3991526,-0.122143,-0.1096244,-0.1329248,0.2074047,0.02877498,0.1199656,0.06439125,-0.1512941,0.08728112,-0.3682918,16.4594014727397
-0.1190832,0.3988192,-0.1223344,-0.1097108,-0.1329892,0.2073602,0.02845331,0.1195521,0.06430771,-0.1514016,0.08712735,-0.3684134,16.4804139963075
-0.1190274,0.3987997,-0.1225579,-0.1096925,-0.1330014,0.2073836,0.02820757,0.1194047,0.06404872,-0.1513402,0.0869899,-0.3683522,16.5179043922797
-0.1194641,0.3989446,-0.1235305,-0.1098091,-0.1333579,0.2073881,0.02774402,0.1190925,0.06400388,-0.1512703,0.08690425,-0.3682978,16.6549815235698
-0.1202724,0.4000196,-0.1241011,-0.1097188,-0.1338387,0.2073161,0.02744604,0.1192004,0.06392385,-0.1512081,0.08674608,-0.3682464,16.7050978050303
-0.1206224,0.4004444,-0.1243656,-0.1095491,-0.133936,0.2073648,0.02738229,0.1192606,0.06372716,-0.1510433,0.086605,-0.3680884,16.7420116864753
-0.1211329,0.4007813,-0.1245191,-0.1094905,-0.1340227,0.2073837,0.02728005,0.1192046,0.0636813,-0.1510783,0.08668585,-0.3681185,16.7637279698925
-0.1212816,0.4010211,-0.1247376,-0.1095281,-0.1340828,0.2073674,0.02712481,0.1192461,0.06359094,-0.1510773,0.08662633,-0.3681237,16.7960575605647
-0.1220251,0.4002489,-0.1249199,-0.1094636,-0.1344353,0.2073721,0.02681298,0.1195067,0.06353432,-0.1510952,0.08662619,-0.3681445,16.7898211937631
-0.1222244,0.4001338,-0.1250553,-0.1094761,-0.1347015,0.2073181,0.0264262,0.1194952,0.06349773,-0.1510531,0.08656909,-0.3681104,16.7882148845623
-0.1223128,0.4001558,-0.1251637,-0.1094473,-0.1348423,0.2072586,0.02639013,0.1195033,0.06336063,-0.151153,0.08655335,-0.3682127,16.787666585938
-0.1226954,0.3999057,-0.1253589,-0.1094684,-0.1352419,0.2070494,0.02619684,0.1194411,0.06332356,-0.151119,0.08649893,-0.3681877,16.7837328959804
-0.1227884,0.3999532,-0.1254294,-0.1094902,-0.1352398,0.2070559,0.02604746,0.1192748,0.06324109,-0.1510867,0.08644839,-0.3681591,16.7971612526446
-0.1230203,0.3998385,-0.1255651,-0.109539,-0.1353868,0.2068984,0.02584771,0.1192622,0.06315953,-0.1510976,0.08640223,-0.3681715,16.8072906714649
-0.1233835,0.3997894,-0.1256471,-0.109578,-0.1354545,0.2068893,0.02533428,0.1190854,0.06309017,-0.1510593,0.08628503,-0.3681441,16.8115410603171
-0.1234698,0.3998918,-0.1260259,-0.1097065,-0.1358887,0.2067709,0.02513212,0.1189484,0.06290895,-0.15117,0.08617645,-0.3682558,16.8334319534827
-0.1240155,0.4000659,-0.1267021,-0.1096605,-0.1361853,0.206697,0.02461073,0.1192591,0.06265347,-0.1510895,0.08596014,-0.3681777,16.9221914504062
-0.1242046,0.4000458,-0.1269357,-0.1097029,-0.136613,0.2066044,0.02440791,0.1191866,0.06256464,-0.151034,0.08553091,-0.368153,16.9032062449032
-0.1242301,0.4000694,-0.1271942,-0.1097482,-0.1369728,0.2064274,0.02422772,0.1194049,0.06234778,-0.150913,0.08517125,-0.3680527,16.9039177059869
-0.1243484,0.4001657,-0.1275558,-0.1098174,-0.1374111,0.2062764,0.02391886,0.1192159,0.06203385,-0.1508514,0.08492777,-0.3679935,16.8733684664993
-0.1244827,0.4000414,-0.127887,-0.1098942,-0.1379747,0.2063229,0.02364042,0.1191379,0.06150997,-0.1504692,0.08445223,-0.3676196,16.8696510067417
-0.1250617,0.4002776,-0.128717,-0.1098986,-0.1392233,0.205921,0.0228396,0.1193444,0.06105841,-0.1501937,0.08379553,-0.3673733,16.8832760550613
-0.1254588,0.4005614,-0.1291413,-0.1098618,-0.1396505,0.2058946,0.02255026,0.1195675,0.06050348,-0.1502276,0.08330494,-0.3674114,16.8978570829338
-0.1258259,0.4005427,-0.1295052,-0.1098617,-0.1402695,0.2057805,0.02230267,0.1197475,0.06002542,-0.150192,0.08284796,-0.3673871,16.8820298593382
-0.1269131,0.4004699,-0.130018,-0.109837,-0.1408937,0.205552,0.02158638,0.1199333,0.05952177,-0.150101,0.08254543,-0.3672922,16.904994838503
-0.1276903,0.4008169,-0.1304439,-0.1097796,-0.1413416,0.2053955,0.02131587,0.1201687,0.05887376,-0.1491655,0.08221571,-0.3663481,16.9495250161201
-0.1287191,0.4006037,-0.1305524,-0.1098167,-0.1415446,0.2054557,0.0207504,0.1198577,0.05831202,-0.1490491,0.08178625,-0.3662266,16.9329101852828
-0.1304541,0.4003209,-0.1313746,-0.1099136,-0.141915,0.2054324,0.02002549,0.1198359,0.05792749,-0.1485843,0.08149429,-0.3657737,17.0380085318523
-0.1306538,0.3999981,-0.1315981,-0.1099131,-0.1424125,0.2054866,0.01972002,0.1198282,0.0573675,-0.1486867,0.08044339,-0.3659271,16.9791875199816
-0.1311339,0.3996785,-0.1323961,-0.1099708,-0.1433048,0.2053374,0.01924941,0.1197284,0.05692213,-0.1486645,0.07990183,-0.3659179,17.0122149731869
-0.1321648,0.3995306,-0.133237,-0.1099851,-0.1441018,0.2050197,0.01888132,0.1197505,0.05627143,-0.1486955,0.07945772,-0.365941,17.0410941287137
-0.1327981,0.3989819,-0.1340337,-0.1100463,-0.145036,0.2047684,0.01845787,0.1197844,0.05566151,-0.1487817,0.07914799,-0.3660201,17.0058530332425
-0.1335818,0.398016,-0.1348356,-0.1101061,-0.1459961,0.2047087,0.01798476,0.11966,0.05497601,-0.1495344,0.0788254,-0.366748,16.9244713190693
-0.1344999,0.3979205,-0.1353459,-0.1102166,-0.146312,0.2045382,0.01716564,0.1195759,0.054278,-0.1499422,0.07834677,-0.3671384,16.9105552019022
-0.1347472,0.3986016,-0.1359623,-0.1103728,-0.1468351,0.2043719,0.01640403,0.1197212,0.05376504,-0.1504831,0.07803481,-0.3676656,16.8985412328911
-0.1358152,0.3987613,-0.1365989,-0.1106758,-0.1473207,0.2040066,0.01512383,0.1193632,0.05293961,-0.1507797,0.07775539,-0.3679107,16.9129697650918
-0.1366805,0.3983544,-0.1373604,-0.1110533,-0.1479386,0.2036408,0.01428807,0.1191057,0.05242877,-0.1508315,0.07706124,-0.3679723,16.9297238337679
-0.1366189,0.3984694,-0.1381246,-0.1112169,-0.1485438,0.2031763,0.01337729,0.1191427,0.05151207,-0.1515827,0.07660779,-0.3686546,16.9747721454964
-0.1388796,0.3967915,-0.1391341,-0.1117721,-0.1501066,0.2024481,0.01203486,0.1182805,0.05089971,-0.1511848,0.0764878,-0.368196,17.0056614803966
-0.1398618,0.3958269,-0.1399397,-0.1128612,-0.1507373,0.2013592,0.009639028,0.1175307,0.04982245,-0.1510926,0.07559054,-0.3681136,17.0493445185179
-0.1416328,0.3945805,-0.1407765,-0.1143573,-0.1509553,0.2000272,0.008222024,0.1165313,0.04931755,-0.1519818,0.07584269,-0.3689474,17.2728118246118
-0.1434016,0.3928593,-0.1422601,-0.1157091,-0.1528005,0.1981037,0.006640139,0.1155018,0.04955491,-0.1523412,0.07661925,-0.3692514,17.7452557846337
-0.1452437,0.3916277,-0.1439827,-0.1181571,-0.1536113,0.1956711,0.00437223,0.1140203,0.0509088,-0.1545245,0.08250855,-0.3707592,18.6112485247918
-0.1472713,0.3884219,-0.1468736,-0.1211913,-0.1552298,0.1927589,0.00273486,0.1107786,0.05351416,-0.1573109,0.09045905,-0.3726711,20.5816724620028
-0.1484169,0.3836209,-0.1510867,-0.1251234,-0.1564313,0.1883585,0.001639978,0.1065052,0.05884807,-0.1610311,0.1095266,-0.3732986,22.7526781722264
-0.1516433,0.377232,-0.1540201,-0.1286398,-0.156603,0.183248,0.0007371972,0.1024437,0.06972534,-0.1670849,0.1204144,-0.3794826,24.7120429136677
-0.1527975,0.3728644,-0.1563578,-0.131888,-0.1571915,0.1780939,-0.0004385681,0.09733787,0.07784344,-0.1690532,0.1387528,-0.3773533,26.7614219817061
-0.1531189,0.3655033,-0.1572271,-0.1349526,-0.1579663,0.1726802,-0.001620278,0.09248826,0.08664005,-0.1710355,0.1568651,-0.3721968,28.2973394487233
-0.1533938,0.3634744,-0.1580806,-0.1365936,-0.1586212,0.1690102,-0.001268018,0.08879254,0.09352109,-0.1749586,0.16367,-0.3720661,29.2808227385232
-0.1499641,0.3603951,-0.1572804,-0.1374582,-0.1572352,0.1651788,0.0003950103,0.08306114,0.0956784,-0.1745925,0.1674189,-0.3664804,30.1425994232241
-0.1467651,0.3571494,-0.1558118,-0.1381033,-0.1554859,0.1626793,0.002316731,0.07915016,0.1000239,-0.1759525,0.169455,-0.3642994,30.4350707974815
-0.14551,0.3522963,-0.1544354,-0.1394327,-0.1519481,0.1604334,0.004213502,0.07301436,0.1024962,-0.1801307,0.1676317,-0.3597932,31.0288236221586
-0.141512,0.3498199,-0.1498461,-0.1424295,-0.1502209,0.1544551,0.006676942,0.06625579,0.1077283,-0.1814989,0.1660048,-0.3504308,30.6145715083077
-0.1357194,0.3430501,-0.1464267,-0.1455817,-0.1442816,0.1483312,0.01174323,0.05580517,0.1111346,-0.1849819,0.1597983,-0.3440497,30.928125363415
-0.1311183,0.3328502,-0.144658,-0.1504101,-0.1426787,0.1400208,0.01612598,0.0420238,0.1113169,-0.1862556,0.1574893,-0.3375627,31.242175475386
-0.1227105,0.3205861,-0.1397818,-0.158216,-0.1380171,0.1296138,0.02342764,0.02835847,0.1170696,-0.1880526,0.1530585,-0.3373567,31.2933965108972
-0.1165394,0.3077431,-0.1368553,-0.1642778,-0.1322836,0.1191161,0.02890385,0.01584998,0.1204612,-0.1891381,0.1537387,-0.3421329,32.198423288532
-0.1094908,0.2911029,-0.1311199,-0.1733089,-0.1240779,0.1052492,0.03513251,0.0006053287,0.1282481,-0.1932162,0.1511764,-0.3513804,31.056294898673
-0.1011132,0.2757757,-0.1211193,-0.1828392,-0.1157095,0.08856876,0.04340492,-0.0208983,0.1347725,-0.2082246,0.1502176,-0.3663072,30.1212760268839
-0.09072225,0.2563193,-0.1160309,-0.1936886,-0.1127179,0.07256113,0.04816835,-0.03520121,0.1342582,-0.2217798,0.1473531,-0.3928384,29.0398199710809
-0.08413086,0.2352193,-0.111665,-0.2034245,-0.1032281,0.0554204,0.05369771,-0.05437317,0.1374093,-0.244651,0.1292075,-0.4025813,28.239278974796
-0.07840429,0.2151657,-0.1092818,-0.2118798,-0.09927283,0.04126232,0.05426915,-0.06496996,0.1311452,-0.2514083,0.0356393,-0.3868572,14.3612708957725
-0.07476579,0.2044171,-0.1080562,-0.2169435,-0.09503163,0.03169996,0.05719493,-0.07456318,0.1321238,-0.2666009,0.2070526,-0.4586387,33.6609236470467
-0.07217691,0.1988678,-0.106199,-0.2214418,-0.09131653,0.02027158,0.05701835,-0.07738612,0.1296231,-0.2705899,0.2022279,-0.4637936,33.7361216181107
-0.07140516,0.1419854,-0.1030193,-0.2436229,-0.07872657,-0.03196535,0.05609282,-0.09370995,0.1368402,-0.2863134,0.2175877,-0.4789169,38.99098857722
-0.03388292,0.0667073,-0.08513179,-0.3029898,-0.04060218,-0.1160056,0.02235838,-0.09947767,0.1368211,-0.2744817,0.2512838,-0.4494857,53.62085851727
-0.06419581,0.02576227,-0.09230772,-0.3066405,-0.04997652,-0.1287217,0.04629973,-0.2049061,0.2176817,-0.3176906,0.0022396,-0.3457504,8.43545808173407
-0.100615,0.0391686,-0.09307075,-0.3005836,-0.05204166,-0.1303248,0.1351549,-0.2301295,0.04653952,-0.4459438,-0.02878354,-0.6293859,13.6749735645062
-0.09933054,0.03950799,-0.09038575,-0.2966389,-0.05157398,-0.1335116,0.1352144,-0.2298544,0.07259365,-0.4781862,0.01936605,-0.6892682,18.5060428643965
-0.1543445,0.04629382,-0.08950739,-0.2994831,-0.04829245,-0.09985559,0.06955732,-0.1694977,0.1933696,-0.390982,0.29861,-0.5792437,46.9125876854076
-0.1549846,0.04602344,-0.08922689,-0.30722,-0.04803155,-0.09958081,-0.004415167,-0.1217124,0.1364226,-0.2846032,0.2772604,-0.4474941,54.0366542493783
-0.1372856,0.03725513,-0.08005746,-0.3006058,-0.03316941,-0.1106201,0.1607895,-0.2250933,0.2837395,-0.3151395,0.1154433,-0.3210289,37.4024566002494
-0.13264,0.03787544,-0.07055285,-0.2967229,-0.03087854,-0.1119481,0.1604068,-0.2245641,0.2833219,-0.3145847,0.1165437,-0.320771,35.649008726137
-0.1929843,0.02227217,-0.1391436,-0.3503764,-0.1541677,-0.1536964,-0.04728842,-0.1422292,0.07557508,-0.2322119,-0.08463258,-0.2378586,6.25092055633193
-0.2242951,0.02123829,-0.1395019,-0.3509097,-0.1580255,-0.1516359,-0.06520261,-0.1807683,0.05761015,-0.2707139,-0.10254,-0.2764006,4.35985712850901
-0.2253273,0.02131334,-0.1681507,-0.3578679,-0.1613266,-0.1487933,-0.06810009,-0.1863103,0.05466303,-0.2762195,-0.1054307,-0.2819453,2.94314899380272
-0.2255121,0.01804894,-0.1695744,-0.3612773,-0.1611788,-0.1518583,-0.07320637,-0.2042378,0.09152561,-0.1801071,-0.07385844,-0.255029,16.3977001317399
-0.2259164,0.01567757,-0.1693109,-0.3661044,-0.1611923,-0.1540295,-0.07579046,-0.2089303,0.11984,-0.2653161,-0.04035357,-0.3705801,17.1954080020183
-0.2267926,0.01363131,-0.1702383,-0.3688277,-0.1610781,-0.1556291,-0.07788561,-0.2131191,0.1198621,-0.2650754,-0.04029738,-0.370317,17.5605687337864
-0.2279139,0.01356627,-0.160462,-0.3670251,-0.1607883,-0.1550992,-0.08084717,-0.2189272,0.12235,-0.2664171,-0.03777652,-0.371637,15.381809440496
-0.2286616,0.01266053,-0.1679159,-0.3617717,-0.1615484,-0.1559444,-0.08302489,-0.2225636,0.1232627,-0.2672825,-0.03683159,-0.3724812,17.6047423442583
-0.2326142,0.02101481,-0.2108842,-0.3543589,-0.1716449,-0.1498753,-0.08486079,-0.2251096,0.1237489,-0.2680494,-0.0363139,-0.3732275,28.4634718963043
-0.2348307,0.02242227,-0.2047861,-0.3548007,-0.1743003,-0.148474,-0.08697943,-0.2273474,0.1239352,-0.26905,-0.03609708,-0.374208,26.4296429331506
-0.237251,0.0184184,-0.1977153,-0.3597604,-0.1719471,-0.1508053,-0.09036428,-0.2297783,0.1226111,-0.272213,-0.03739114,-0.3773512,24.279242275245
-0.2405942,0.0163313,-0.1929666,-0.3633017,-0.1700761,-0.150798,-0.09409744,-0.2318656,0.1215552,-0.2745461,-0.03841787,-0.3796651,22.6802333348594
-0.2434684,0.01473509,-0.1852417,-0.3728047,-0.1673806,-0.1499464,-0.09806789,-0.2327245,0.1205365,-0.2763528,-0.03940837,-0.3814533,20.2296157399641
-0.2505063,0.01130641,-0.1155662,-0.3550947,-0.167663,-0.1500344,-0.1094617,-0.2319118,0.1197491,-0.2781594,-0.04017107,-0.3832437,1.20486254479718
-0.2796007,-0.07785887,-0.1741599,-0.3653049,-0.2133836,-0.2692225,-0.1190218,-0.2337416,0.1149903,-0.2821153,-0.04490855,-0.3871857,14.7673738675295
-0.2858131,-0.07060219,-0.1486798,-0.307978,-0.2136409,-0.2508554,-0.1281827,-0.2149039,0.1089162,-0.2676148,-0.05096249,-0.3726718,13.7796185007981
-0.3079403,-0.08581778,-0.1494633,-0.306168,-0.2154805,-0.2506449,-0.130699,-0.2153396,0.1062966,-0.2680623,0.06596032,-0.382543,7.66776618476369
-0.3130096,-0.08813885,-0.1659813,-0.2165169,-0.2188203,-0.2461405,-0.1344535,-0.2118321,0.1025683,-0.2643974,0.07127117,-0.3790414,60.7379693105064
-0.3336532,-0.0880101,-0.2242536,-0.2234193,-0.2349546,-0.239781,-0.151516,-0.2059468,0.08582981,-0.2585938,0.08576784,-0.3763914,85.5549156905883
-0.3376278,-0.08614513,-0.2234845,-0.223827,-0.2383712,-0.2373868,-0.154924,-0.2037527,0.08240695,-0.25638,0.08746542,-0.3730727,70.3889393826143
-0.4264505,-0.1213483,-0.2125894,-0.2250279,-0.3251506,-0.2710655,-0.241831,-0.2376982,-0.004451364,-0.2903383,0.003872743,-0.4055639,49.7695229772079
-0.4273137,-0.1211366,-0.2224199,-0.2269775,-0.3260229,-0.2708406,-0.2427033,-0.2374732,-0.005323608,-0.2901133,0.00299947,-0.4053247,50.4691435013462
-0.4290287,-0.1223903,-0.2250638,-0.2293956,-0.3277467,-0.2720811,-0.2444271,-0.2387137,-0.007047418,-0.2913539,0.001274635,-0.4065509,50.092739962936
-0.431706,-0.1272296,0,0,-0.3304322,-0.2769083,-0.2471126,-0.243541,-0.009732933,-0.2961811,-0.001411908,-0.411364,67.4811589244808
-0.4347149,-0.1315673,0,0,-0.3334486,-0.281235,-0.250129,-0.2478677,-0.01274934,-0.3005078,-0.2168636,-0.3532723,78.2980484257407
-0.4258219,-0.2055195,0,0,-0.324563,-0.3551761,-0.2412434,-0.3218087,-0.003863767,-0.3744488,-0.1850228,-0.313964,13.173207291785
-0.4449454,-0.236373,0,0,-0.343694,-0.3860187,-0.2603744,-0.3526513,-0.02299471,-0.4052914,-0.1404564,-0.2271117,1.26084836380205
-0.3930302,-0.1881106,0,0,-0.291786,-0.3377454,-0.2084664,-0.3043781,0.02891321,-0.3570182,-0.04019138,-0.2148571,21.3349570679991
-0.391586,-0.1851824,0,0,-0.2903492,-0.3348064,-0.2070296,-0.301439,0.03035003,-0.3540792,-0.03985414,-0.2209078,23.9276634783577
-0.0908781,-0.07880068,0,0,0,0,-0.4495306,-0.3353241,-0.2